"Zone","DateTime","Temperature","Humidity","Wind.Speed","general.diffuse.flows","diffuse.flows","Date","Month","Weekday","Hour","DayOfWeek","Power","Outlier"
"Zone.2..Power.Consumption",2020-08-03 17:20:10,29.39,48.08,4.903,8.88,7.61,2020-08-03,"Aug","Mon",17,"Mon",36353.53749,TRUE
"Zone.2..Power.Consumption",2020-08-03 17:20:30,29.16,50.12,4.905,1.024,0.926,2020-08-03,"Aug","Mon",17,"Mon",36391.55227,TRUE
"Zone.2..Power.Consumption",2020-08-03 17:19:50,29.91,45.82,4.903,31.61,28.41,2020-08-03,"Aug","Mon",17,"Mon",36429.56705,TRUE
"Zone.2..Power.Consumption",2020-08-03 17:20:20,29.27,49.52,4.906,3.397,2.794,2020-08-03,"Aug","Mon",17,"Mon",36437.17001,TRUE
"Zone.2..Power.Consumption",2020-08-03 17:20:00,29.66,46.88,4.905,18.37,16.07,2020-08-03,"Aug","Mon",17,"Mon",36482.78775,TRUE
"Zone.2..Power.Consumption",2020-07-24 17:19:30,29.94,35.98,4.91,104.9,116.3,2020-07-24,"Jul","Fri",17,"Fri",36645.56962,TRUE
"Zone.2..Power.Consumption",2020-07-24 17:19:40,29.79,35.68,4.908,81.2,90,2020-07-24,"Jul","Fri",17,"Fri",37408.86076,TRUE
"Zone.3..Power.Consumption",2020-07-28 17:00:20,26.04,76.3,4.905,0.091,0.085,2020-07-28,"Jul","Tue",17,"Tue",34373.22176,TRUE
"Zone.3..Power.Consumption",2020-08-17 17:22:30,23.6,62.91,0.067,0.084,0.104,2020-08-17,"Aug","Mon",17,"Mon",34373.41693,TRUE
"Zone.3..Power.Consumption",2020-07-19 17:23:50,28.5,41.55,4.919,0.121,0.1,2020-07-19,"Jul","Sun",17,"Sun",34379.24686,TRUE
"Zone.3..Power.Consumption",2020-07-25 17:12:30,28.2,55.33,4.907,860,65.16,2020-07-25,"Jul","Sat",17,"Sat",34379.24686,TRUE
"Zone.3..Power.Consumption",2020-08-07 17:23:00,26.58,86.1,4.908,0.077,0.119,2020-08-07,"Aug","Fri",17,"Fri",34379.43574,TRUE
"Zone.3..Power.Consumption",2020-07-13 17:23:40,24.08,85.9,4.913,0.073,0.152,2020-07-13,"Jul","Mon",17,"Mon",34385.27197,TRUE
"Zone.3..Power.Consumption",2020-07-03 17:21:40,24.56,84.6,4.919,0.084,0.126,2020-07-03,"Jul","Fri",17,"Fri",34391.29707,TRUE
"Zone.3..Power.Consumption",2020-07-05 17:22:10,25.03,83.8,4.92,0.088,0.111,2020-07-05,"Jul","Sun",17,"Sun",34391.29707,TRUE
"Zone.3..Power.Consumption",2020-07-26 17:13:20,34.2,37.85,4.906,874,63.55,2020-07-26,"Jul","Sun",17,"Sun",34391.29707,TRUE
"Zone.3..Power.Consumption",2020-07-03 17:21:30,24.57,84.3,4.919,0.055,0.148,2020-07-03,"Jul","Fri",17,"Fri",34403.34728,TRUE
"Zone.3..Power.Consumption",2020-08-03 17:22:20,26.07,64.25,4.907,0.095,0.115,2020-08-03,"Aug","Mon",17,"Mon",34403.51097,TRUE
"Zone.3..Power.Consumption",2020-07-01 17:22:10,25.03,58.41,4.916,0.091,0.093,2020-07-01,"Jul","Wed",17,"Wed",34409.37238,TRUE
"Zone.3..Power.Consumption",2020-07-31 17:19:10,27.14,56.56,4.906,134.6,140.6,2020-07-31,"Jul","Fri",17,"Fri",34409.37238,TRUE
"Zone.3..Power.Consumption",2020-07-25 17:12:20,28.25,55.39,4.908,853,64.71,2020-07-25,"Jul","Sat",17,"Sat",34415.39749,TRUE
"Zone.3..Power.Consumption",2020-07-30 17:23:10,23.37,62.76,4.908,0.121,0.093,2020-07-30,"Jul","Thu",17,"Thu",34433.4728,TRUE
"Zone.3..Power.Consumption",2020-08-04 17:22:30,25.16,84.9,4.907,0.062,0.115,2020-08-04,"Aug","Tue",17,"Tue",34439.62382,TRUE
"Zone.3..Power.Consumption",2020-08-06 17:22:40,27.73,74.1,4.907,0.073,0.152,2020-08-06,"Aug","Thu",17,"Thu",34439.62382,TRUE
"Zone.3..Power.Consumption",2020-08-09 17:20:50,30.2,46.48,4.907,0.091,0.141,2020-08-09,"Aug","Sun",17,"Sun",34451.66144,TRUE
"Zone.3..Power.Consumption",2020-08-05 17:22:50,25.83,84.7,4.911,0.066,0.13,2020-08-05,"Aug","Wed",17,"Wed",34457.68025,TRUE
"Zone.3..Power.Consumption",2020-08-14 17:21:50,23.16,50.56,4.907,0.102,0.078,2020-08-14,"Aug","Fri",17,"Fri",34463.69906,TRUE
"Zone.3..Power.Consumption",2020-07-25 17:18:20,28.83,47.62,4.908,299.9,303,2020-07-25,"Jul","Sat",17,"Sat",34475.64854,TRUE
"Zone.3..Power.Consumption",2020-07-25 17:00:40,23.87,47.98,4.91,0.11,0.082,2020-07-25,"Jul","Sat",17,"Sat",34481.67364,TRUE
"Zone.3..Power.Consumption",2020-07-27 17:00:10,27.2,45.12,4.907,0.117,0.104,2020-07-27,"Jul","Mon",17,"Mon",34487.69874,TRUE
"Zone.3..Power.Consumption",2020-08-03 17:19:20,30.09,45.32,4.904,87.1,84.5,2020-08-03,"Aug","Mon",17,"Mon",34487.77429,TRUE
"Zone.3..Power.Consumption",2020-07-07 17:21:50,30.88,35.18,4.921,0.08,0.122,2020-07-07,"Jul","Tue",17,"Tue",34493.72385,TRUE
"Zone.3..Power.Consumption",2020-07-09 17:19:30,30.6,32.52,4.917,113.7,117.5,2020-07-09,"Jul","Thu",17,"Thu",34493.72385,TRUE
"Zone.3..Power.Consumption",2020-07-10 17:23:10,27.64,30.31,4.916,0.102,0.085,2020-07-10,"Jul","Fri",17,"Fri",34493.72385,TRUE
"Zone.3..Power.Consumption",2020-07-12 17:23:20,24.48,83.9,4.91,0.084,0.163,2020-07-12,"Jul","Sun",17,"Sun",34499.74895,TRUE
"Zone.3..Power.Consumption",2020-07-09 17:23:00,24.62,56.66,4.912,0.062,0.119,2020-07-09,"Jul","Thu",17,"Thu",34511.79916,TRUE
"Zone.3..Power.Consumption",2020-08-11 17:22:20,29.38,26.88,4.908,0.069,0.096,2020-08-11,"Aug","Tue",17,"Tue",34517.86834,TRUE
"Zone.3..Power.Consumption",2020-07-11 17:23:10,23.55,72.1,4.908,0.088,0.107,2020-07-11,"Jul","Sat",17,"Sat",34547.94979,TRUE
"Zone.3..Power.Consumption",2020-07-14 17:23:40,25.45,81.1,4.917,0.088,0.144,2020-07-14,"Jul","Tue",17,"Tue",34547.94979,TRUE
"Zone.3..Power.Consumption",2020-07-17 17:23:40,26.54,48.29,4.924,0.084,0.096,2020-07-17,"Jul","Fri",17,"Fri",34547.94979,TRUE
"Zone.3..Power.Consumption",2020-07-24 17:00:10,24.26,63.45,4.904,0.066,0.133,2020-07-24,"Jul","Fri",17,"Fri",34547.94979,TRUE
"Zone.3..Power.Consumption",2020-07-25 17:12:40,28.35,52.16,4.907,866,64.18,2020-07-25,"Jul","Sat",17,"Sat",34547.94979,TRUE
"Zone.3..Power.Consumption",2020-07-26 17:00:20,22.68,75.5,4.908,0.073,0.189,2020-07-26,"Jul","Sun",17,"Sun",34547.94979,TRUE
"Zone.3..Power.Consumption",2020-08-20 17:21:30,25.59,84.6,4.924,0.084,0.13,2020-08-20,"Aug","Thu",17,"Thu",34553.98119,TRUE
"Zone.3..Power.Consumption",2020-07-05 17:22:00,25.13,83.6,4.917,0.069,0.126,2020-07-05,"Jul","Sun",17,"Sun",34560,TRUE
"Zone.3..Power.Consumption",2020-07-25 17:13:20,28.85,48.06,4.91,873,60.89,2020-07-25,"Jul","Sat",17,"Sat",34566.0251,TRUE
"Zone.3..Power.Consumption",2020-08-12 17:22:40,24.08,49.22,4.904,0.091,0.067,2020-08-12,"Aug","Wed",17,"Wed",34572.03762,TRUE
"Zone.3..Power.Consumption",2020-07-02 17:19:50,25.58,77.2,4.928,57.79,51.27,2020-07-02,"Jul","Thu",17,"Thu",34572.05021,TRUE
"Zone.3..Power.Consumption",2020-08-02 17:21:40,25.66,59.76,4.905,0.099,0.063,2020-08-02,"Aug","Sun",17,"Sun",34578.05643,TRUE
"Zone.3..Power.Consumption",2020-08-10 17:22:30,28.75,31.11,4.908,0.08,0.107,2020-08-10,"Aug","Mon",17,"Mon",34578.05643,TRUE
"Zone.3..Power.Consumption",2020-07-28 17:23:20,26.53,45.32,4.91,0.095,0.093,2020-07-28,"Jul","Tue",17,"Tue",34578.07531,TRUE
"Zone.3..Power.Consumption",2020-07-03 17:21:20,24.63,84.1,4.918,0.084,0.156,2020-07-03,"Jul","Fri",17,"Fri",34584.10042,TRUE
"Zone.3..Power.Consumption",2020-07-27 17:18:30,28.63,61.12,4.907,239,224.1,2020-07-27,"Jul","Mon",17,"Mon",34584.10042,TRUE
"Zone.3..Power.Consumption",2020-07-29 17:23:20,24.59,64.22,4.908,0.121,0.089,2020-07-29,"Jul","Wed",17,"Wed",34590.12552,TRUE
"Zone.3..Power.Consumption",2020-08-14 17:21:40,23.38,48.89,4.906,0.066,0.082,2020-08-14,"Aug","Fri",17,"Fri",34602.13166,TRUE
"Zone.3..Power.Consumption",2020-08-20 17:19:00,25.88,82,4.923,22.79,17.9,2020-08-20,"Aug","Thu",17,"Thu",34602.13166,TRUE
"Zone.3..Power.Consumption",2020-08-09 17:22:30,28.83,53.52,4.906,0.124,0.089,2020-08-09,"Aug","Sun",17,"Sun",34608.15047,TRUE
"Zone.3..Power.Consumption",2020-07-02 17:21:30,24.61,83.2,4.922,0.062,0.119,2020-07-02,"Jul","Thu",17,"Thu",34608.20084,TRUE
"Zone.3..Power.Consumption",2020-08-06 17:22:30,28.21,72.2,4.904,0.08,0.13,2020-08-06,"Aug","Thu",17,"Thu",34614.16928,TRUE
"Zone.3..Power.Consumption",2020-07-06 17:22:00,25.9,80.2,4.617,0.084,0.144,2020-07-06,"Jul","Mon",17,"Mon",34626.27615,TRUE
"Zone.3..Power.Consumption",2020-07-25 17:13:30,28.73,47.89,4.908,873,60.38,2020-07-25,"Jul","Sat",17,"Sat",34632.30126,TRUE
"Zone.3..Power.Consumption",2020-07-08 17:22:40,24.68,80.2,4.908,0.091,0.1,2020-07-08,"Jul","Wed",17,"Wed",34644.35146,TRUE
"Zone.3..Power.Consumption",2020-07-06 17:19:40,28.34,65.03,4.921,87.1,86.8,2020-07-06,"Jul","Mon",17,"Mon",34650.37657,TRUE
"Zone.3..Power.Consumption",2020-08-17 17:19:00,27.11,52.18,0.071,107.8,115.6,2020-08-17,"Aug","Mon",17,"Mon",34656.30094,TRUE
"Zone.3..Power.Consumption",2020-07-26 17:13:10,33.92,39.52,4.905,875,63.51,2020-07-26,"Jul","Sun",17,"Sun",34656.40167,TRUE
"Zone.3..Power.Consumption",2020-08-19 17:22:30,24.85,88.8,4.923,0.084,0.096,2020-08-19,"Aug","Wed",17,"Wed",34662.31975,TRUE
"Zone.3..Power.Consumption",2020-07-23 17:00:10,25.94,34.18,4.912,0.113,0.096,2020-07-23,"Jul","Thu",17,"Thu",34668.45188,TRUE
"Zone.3..Power.Consumption",2020-08-13 17:22:10,21.49,51.45,4.905,0.08,0.085,2020-08-13,"Aug","Thu",17,"Thu",34674.35737,TRUE
"Zone.3..Power.Consumption",2020-07-26 17:18:40,35.58,31.01,4.906,229.1,231.6,2020-07-26,"Jul","Sun",17,"Sun",34674.47699,TRUE
"Zone.3..Power.Consumption",2020-07-20 17:23:40,26.8,52.22,0.076,0.106,0.111,2020-07-20,"Jul","Mon",17,"Mon",34680.50209,TRUE
"Zone.3..Power.Consumption",2020-07-25 17:18:30,28.77,47.72,4.91,269.1,280.3,2020-07-25,"Jul","Sat",17,"Sat",34692.5523,TRUE
"Zone.3..Power.Consumption",2020-08-02 17:21:30,25.67,59.4,4.903,0.073,0.126,2020-08-02,"Aug","Sun",17,"Sun",34704.45141,TRUE
"Zone.3..Power.Consumption",2020-08-12 17:19:00,29.15,20.24,4.908,100.8,85.4,2020-08-12,"Aug","Wed",17,"Wed",34710.47022,TRUE
"Zone.3..Power.Consumption",2020-07-07 17:21:40,30.95,35.41,4.92,0.066,0.115,2020-07-07,"Jul","Tue",17,"Tue",34710.62762,TRUE
"Zone.3..Power.Consumption",2020-07-25 17:13:10,28.64,50.69,4.91,873,61.75,2020-07-25,"Jul","Sat",17,"Sat",34710.62762,TRUE
"Zone.3..Power.Consumption",2020-07-31 17:23:00,25.1,70.3,4.899,0.099,0.063,2020-07-31,"Jul","Fri",17,"Fri",34710.62762,TRUE
"Zone.3..Power.Consumption",2020-08-16 17:19:00,26.1,54.15,4.905,126.6,144.7,2020-08-16,"Aug","Sun",17,"Sun",34716.48903,TRUE
"Zone.3..Power.Consumption",2020-07-03 17:19:50,25.12,79.1,4.92,65.05,52.72,2020-07-03,"Jul","Fri",17,"Fri",34722.67782,TRUE
"Zone.3..Power.Consumption",2020-07-28 17:23:10,26.52,45.88,4.909,0.095,0.089,2020-07-28,"Jul","Tue",17,"Tue",34722.67782,TRUE
"Zone.3..Power.Consumption",2020-07-28 17:19:20,32.05,37.68,4.909,100.7,96.3,2020-07-28,"Jul","Tue",17,"Tue",34728.70293,TRUE
"Zone.3..Power.Consumption",2020-08-17 17:22:20,23.62,62.95,0.069,0.102,0.067,2020-08-17,"Aug","Mon",17,"Mon",34740.56426,TRUE
"Zone.3..Power.Consumption",2020-07-02 17:21:20,24.61,83.2,4.925,0.08,0.096,2020-07-02,"Jul","Thu",17,"Thu",34740.75314,TRUE
"Zone.3..Power.Consumption",2020-07-16 17:23:40,25.9,83.2,4.918,0.066,0.137,2020-07-16,"Jul","Thu",17,"Thu",34746.77824,TRUE
"Zone.3..Power.Consumption",2020-08-14 17:19:10,25.27,40.75,4.91,119.7,132.5,2020-08-14,"Aug","Fri",17,"Fri",34764.6395,TRUE
"Zone.3..Power.Consumption",2020-08-23 17:19:10,25.45,55.39,4.903,78.4,88.4,2020-08-23,"Aug","Sun",17,"Sun",34764.6395,TRUE
"Zone.3..Power.Consumption",2020-08-21 17:20:30,23.88,60.62,4.921,0.084,0.074,2020-08-21,"Aug","Fri",17,"Fri",34776.67712,TRUE
"Zone.3..Power.Consumption",2020-07-03 17:21:10,24.68,83.7,4.919,0.044,0.185,2020-07-03,"Jul","Fri",17,"Fri",34776.90377,TRUE
"Zone.3..Power.Consumption",2020-07-04 17:21:30,24.51,82.6,4.919,0.077,0.078,2020-07-04,"Jul","Sat",17,"Sat",34788.95397,TRUE
"Zone.3..Power.Consumption",2020-07-18 17:23:50,26.31,43.78,4.924,0.084,0.144,2020-07-18,"Jul","Sat",17,"Sat",34794.97908,TRUE
"Zone.3..Power.Consumption",2020-07-25 17:18:40,28.64,48.02,4.909,238.3,249.8,2020-07-25,"Jul","Sat",17,"Sat",34794.97908,TRUE
"Zone.3..Power.Consumption",2020-08-18 17:22:20,24.17,78.8,0.065,0.091,0.085,2020-08-18,"Aug","Tue",17,"Tue",34800.75235,TRUE
"Zone.3..Power.Consumption",2020-08-13 17:19:10,24.19,45.05,4.903,139.2,151.4,2020-08-13,"Aug","Thu",17,"Thu",34806.77116,TRUE
"Zone.3..Power.Consumption",2020-08-16 17:22:10,22.68,63.21,0.069,0.091,0.085,2020-08-16,"Aug","Sun",17,"Sun",34806.77116,TRUE
"Zone.3..Power.Consumption",2020-07-13 17:23:30,24.06,85.9,4.914,0.062,0.141,2020-07-13,"Jul","Mon",17,"Mon",34819.0795,TRUE
"Zone.3..Power.Consumption",2020-07-20 17:19:10,31.84,39.81,0.068,70.2,59.94,2020-07-20,"Jul","Mon",17,"Mon",34825.1046,TRUE
"Zone.3..Power.Consumption",2020-08-02 17:19:30,28.15,50.59,4.902,79.9,70.5,2020-08-02,"Aug","Sun",17,"Sun",34830.84639,TRUE
"Zone.3..Power.Consumption",2020-08-04 17:22:20,25.16,84.7,4.907,0.084,0.122,2020-08-04,"Aug","Tue",17,"Tue",34836.8652,TRUE
"Zone.3..Power.Consumption",2020-08-20 17:21:20,25.56,84.5,4.924,0.084,0.119,2020-08-20,"Aug","Thu",17,"Thu",34836.8652,TRUE
"Zone.3..Power.Consumption",2020-08-01 17:19:20,28.11,73.5,4.904,88.2,78.3,2020-08-01,"Aug","Sat",17,"Sat",34842.88401,TRUE
"Zone.3..Power.Consumption",2020-07-04 17:21:40,24.47,83,4.917,0.08,0.13,2020-07-04,"Jul","Sat",17,"Sat",34843.17992,TRUE
"Zone.3..Power.Consumption",2020-08-01 17:22:40,26.36,82.7,4.911,0.08,0.074,2020-08-01,"Aug","Sat",17,"Sat",34854.92163,TRUE
"Zone.3..Power.Consumption",2020-08-11 17:22:10,29.39,27.54,4.908,0.069,0.093,2020-08-11,"Aug","Tue",17,"Tue",34854.92163,TRUE
"Zone.3..Power.Consumption",2020-07-02 17:21:10,24.61,83.3,4.923,0.077,0.122,2020-07-02,"Jul","Thu",17,"Thu",34861.25523,TRUE
"Zone.3..Power.Consumption",2020-08-12 17:22:30,24.2,46.98,4.904,0.102,0.107,2020-08-12,"Aug","Wed",17,"Wed",34866.95925,TRUE
"Zone.3..Power.Consumption",2020-08-14 17:21:30,23.41,48.62,4.905,0.091,0.078,2020-08-14,"Aug","Fri",17,"Fri",34903.0721,TRUE
"Zone.3..Power.Consumption",2020-07-01 17:22:00,25.65,53.8,4.914,0.099,0.126,2020-07-01,"Jul","Wed",17,"Wed",34921.50628,TRUE
"Zone.3..Power.Consumption",2020-07-19 17:19:10,31.08,41.38,4.91,148.5,150.7,2020-07-19,"Jul","Sun",17,"Sun",34939.58159,TRUE
"Zone.3..Power.Consumption",2020-07-14 17:23:30,25.39,81,4.916,0.091,0.122,2020-07-14,"Jul","Tue",17,"Tue",34945.60669,TRUE
"Zone.3..Power.Consumption",2020-08-02 17:21:20,25.72,59.83,4.904,0.069,0.104,2020-08-02,"Aug","Sun",17,"Sun",34951.22257,TRUE
"Zone.3..Power.Consumption",2020-08-05 17:22:40,25.88,84.4,4.909,0.055,0.148,2020-08-05,"Aug","Wed",17,"Wed",34951.22257,TRUE
"Zone.3..Power.Consumption",2020-07-05 17:19:50,25.94,78.6,4.919,61.8,56.81,2020-07-05,"Jul","Sun",17,"Sun",34951.6318,TRUE
"Zone.3..Power.Consumption",2020-08-18 17:19:00,26.91,58.32,0.065,115.9,127.5,2020-08-18,"Aug","Tue",17,"Tue",34957.24138,TRUE
"Zone.3..Power.Consumption",2020-07-07 17:19:50,34.16,29.55,4.917,34.02,30.79,2020-07-07,"Jul","Tue",17,"Tue",34957.6569,TRUE
"Zone.3..Power.Consumption",2020-08-13 17:22:00,21.6,52.15,4.901,0.08,0.093,2020-08-13,"Aug","Thu",17,"Thu",34963.26019,TRUE
"Zone.3..Power.Consumption",2020-07-01 17:21:50,26.11,52.07,4.92,0.088,0.111,2020-07-01,"Jul","Wed",17,"Wed",34969.70711,TRUE
"Zone.3..Power.Consumption",2020-08-03 17:22:10,26.23,64.05,4.904,0.132,0.044,2020-08-03,"Aug","Mon",17,"Mon",34975.29781,TRUE
"Zone.3..Power.Consumption",2020-07-21 17:23:40,28.64,29.21,4.908,0.102,0.119,2020-07-21,"Jul","Tue",17,"Tue",34987.78243,TRUE
"Zone.3..Power.Consumption",2020-08-07 17:22:50,26.55,86,4.912,0.084,0.159,2020-08-07,"Aug","Fri",17,"Fri",34993.35423,TRUE
"Zone.3..Power.Consumption",2020-08-09 17:19:10,30.18,64.72,4.907,85.2,80.3,2020-08-09,"Aug","Sun",17,"Sun",34999.37304,TRUE
"Zone.3..Power.Consumption",2020-07-29 17:23:10,24.72,63.62,4.907,0.106,0.093,2020-07-29,"Jul","Wed",17,"Wed",34999.83264,TRUE
"Zone.3..Power.Consumption",2020-08-22 17:20:20,22.7,50.12,4.929,0.132,0.174,2020-08-22,"Aug","Sat",17,"Sat",35005.39185,TRUE
"Zone.3..Power.Consumption",2020-07-03 17:21:00,24.7,83.2,4.919,0.11,0.13,2020-07-03,"Jul","Fri",17,"Fri",35005.85774,TRUE
"Zone.3..Power.Consumption",2020-07-22 17:19:00,29.25,65.96,4.908,171.3,174,2020-07-22,"Jul","Wed",17,"Wed",35005.85774,TRUE
"Zone.3..Power.Consumption",2020-08-15 17:22:20,22.99,61.55,4.909,0.088,0.082,2020-08-15,"Aug","Sat",17,"Sat",35011.41066,TRUE
"Zone.3..Power.Consumption",2020-07-28 17:23:00,26.76,45.78,4.904,0.121,0.078,2020-07-28,"Jul","Tue",17,"Tue",35017.90795,TRUE
"Zone.3..Power.Consumption",2020-08-21 17:20:20,24.12,59.52,4.924,0.143,0.104,2020-08-21,"Aug","Fri",17,"Fri",35029.46708,TRUE
"Zone.3..Power.Consumption",2020-07-04 17:19:50,25.25,77.6,4.92,42.11,37.56,2020-07-04,"Jul","Sat",17,"Sat",35029.95816,TRUE
"Zone.3..Power.Consumption",2020-07-03 17:20:50,24.7,82.7,4.926,0.548,0.474,2020-07-03,"Jul","Fri",17,"Fri",35035.98326,TRUE
"Zone.3..Power.Consumption",2020-07-30 17:23:00,23.52,62.25,4.906,0.117,0.044,2020-07-30,"Jul","Thu",17,"Thu",35042.00837,TRUE
"Zone.3..Power.Consumption",2020-08-21 17:20:10,24.32,58.35,4.919,0.735,0.608,2020-08-21,"Aug","Fri",17,"Fri",35047.52351,TRUE
"Zone.3..Power.Consumption",2020-08-08 17:22:50,26.67,85.4,4.91,0.11,0.119,2020-08-08,"Aug","Sat",17,"Sat",35053.54232,TRUE
"Zone.3..Power.Consumption",2020-07-06 17:21:40,26,79.9,4.923,0.102,0.119,2020-07-06,"Jul","Mon",17,"Mon",35054.05858,TRUE
"Zone.3..Power.Consumption",2020-07-27 17:18:40,28.47,61.75,4.907,210.3,200,2020-07-27,"Jul","Mon",17,"Mon",35060.08368,TRUE
"Zone.3..Power.Consumption",2020-07-04 17:21:20,24.55,82.3,4.927,0.091,0.089,2020-07-04,"Jul","Sat",17,"Sat",35072.13389,TRUE
"Zone.3..Power.Consumption",2020-07-19 17:23:40,28.68,40.45,4.915,0.095,0.141,2020-07-19,"Jul","Sun",17,"Sun",35072.13389,TRUE
"Zone.3..Power.Consumption",2020-07-01 17:21:40,26.52,49.6,4.92,0.106,0.104,2020-07-01,"Jul","Wed",17,"Wed",35084.1841,TRUE
"Zone.3..Power.Consumption",2020-07-15 17:23:50,26.05,83.1,4.919,0.066,0.137,2020-07-15,"Jul","Wed",17,"Wed",35084.1841,TRUE
"Zone.3..Power.Consumption",2020-08-23 17:20:40,23.87,62.95,4.904,0.099,0.093,2020-08-23,"Aug","Sun",17,"Sun",35089.65517,TRUE
"Zone.3..Power.Consumption",2020-07-07 17:21:30,31.06,35.25,4.916,0.08,0.085,2020-07-07,"Jul","Tue",17,"Tue",35096.23431,TRUE
"Zone.3..Power.Consumption",2020-07-02 17:21:00,24.72,83,4.921,0.161,0.189,2020-07-02,"Jul","Thu",17,"Thu",35108.28452,TRUE
"Zone.3..Power.Consumption",2020-07-05 17:21:50,25.2,83.1,4.924,0.102,0.107,2020-07-05,"Jul","Sun",17,"Sun",35108.28452,TRUE
"Zone.3..Power.Consumption",2020-07-06 17:21:50,25.91,80.1,4.924,0.062,0.119,2020-07-06,"Jul","Mon",17,"Mon",35108.28452,TRUE
"Zone.3..Power.Consumption",2020-07-25 17:00:30,24.02,46.88,4.907,0.113,0.1,2020-07-25,"Jul","Sat",17,"Sat",35108.28452,TRUE
"Zone.3..Power.Consumption",2020-07-04 17:21:10,24.61,81.7,4.924,0.099,0.104,2020-07-04,"Jul","Sat",17,"Sat",35114.30962,TRUE
"Zone.3..Power.Consumption",2020-07-09 17:22:50,24.74,56.39,4.92,0.11,0.082,2020-07-09,"Jul","Thu",17,"Thu",35120.33473,TRUE
"Zone.3..Power.Consumption",2020-07-10 17:23:00,27.89,29.94,4.913,0.069,0.104,2020-07-10,"Jul","Fri",17,"Fri",35126.35983,TRUE
"Zone.3..Power.Consumption",2020-08-20 17:21:10,25.55,84.3,4.921,0.044,0.163,2020-08-20,"Aug","Thu",17,"Thu",35131.78683,TRUE
"Zone.3..Power.Consumption",2020-07-25 17:18:50,28.67,48.12,4.907,208.4,219.5,2020-07-25,"Jul","Sat",17,"Sat",35132.38494,TRUE
"Zone.3..Power.Consumption",2020-07-03 17:20:00,25.09,79.5,4.921,43.05,34.18,2020-07-03,"Jul","Fri",17,"Fri",35138.41004,TRUE
"Zone.3..Power.Consumption",2020-07-31 17:22:50,25.11,70.7,4.905,0.091,0.096,2020-07-31,"Jul","Fri",17,"Fri",35138.41004,TRUE
"Zone.3..Power.Consumption",2020-08-11 17:22:00,29.55,27.94,4.903,0.11,0.085,2020-08-11,"Aug","Tue",17,"Tue",35149.84326,TRUE
"Zone.3..Power.Consumption",2020-08-17 17:22:10,23.75,62.65,0.068,0.102,0.078,2020-08-17,"Aug","Mon",17,"Mon",35149.84326,TRUE
"Zone.3..Power.Consumption",2020-07-02 17:20:00,25.4,78.3,4.919,40.43,35.03,2020-07-02,"Jul","Thu",17,"Thu",35168.53556,TRUE
"Zone.3..Power.Consumption",2020-08-21 17:19:10,26.12,54.18,4.921,91.2,103.6,2020-08-21,"Aug","Fri",17,"Fri",35185.95611,TRUE
"Zone.3..Power.Consumption",2020-07-03 17:20:40,24.69,82,4.924,1.865,1.467,2020-07-03,"Jul","Fri",17,"Fri",35186.61088,TRUE
"Zone.3..Power.Consumption",2020-07-03 17:20:10,24.98,79.7,4.92,26.63,21.55,2020-07-03,"Jul","Fri",17,"Fri",35192.63598,TRUE
"Zone.3..Power.Consumption",2020-07-01 17:21:30,26.67,49.33,4.921,0.102,0.085,2020-07-01,"Jul","Wed",17,"Wed",35198.66109,TRUE
"Zone.3..Power.Consumption",2020-07-02 17:20:50,24.81,82.9,4.925,0.728,0.615,2020-07-02,"Jul","Thu",17,"Thu",35198.66109,TRUE
"Zone.3..Power.Consumption",2020-07-12 17:23:10,24.28,84,4.905,0.069,0.167,2020-07-12,"Jul","Sun",17,"Sun",35198.66109,TRUE
"Zone.3..Power.Consumption",2020-08-23 17:20:30,24.04,62.12,4.902,0.102,0.122,2020-08-23,"Aug","Sun",17,"Sun",35204.01254,TRUE
"Zone.3..Power.Consumption",2020-08-21 17:20:00,24.57,57.82,4.924,3.25,2.656,2020-08-21,"Aug","Fri",17,"Fri",35210.03135,TRUE
"Zone.3..Power.Consumption",2020-08-22 17:19:10,24.18,39.78,4.924,86.3,101,2020-08-22,"Aug","Sat",17,"Sat",35210.03135,TRUE
"Zone.3..Power.Consumption",2020-07-04 17:21:00,24.69,81,4.926,0.15,0.096,2020-07-04,"Jul","Sat",17,"Sat",35240.83682,TRUE
"Zone.3..Power.Consumption",2020-07-26 17:00:10,22.66,75.6,4.905,0.066,0.13,2020-07-26,"Jul","Sun",17,"Sun",35252.88703,TRUE
"Zone.3..Power.Consumption",2020-08-06 17:22:20,28.73,63.65,4.905,0.091,0.115,2020-08-06,"Aug","Thu",17,"Thu",35258.18182,TRUE
"Zone.3..Power.Consumption",2020-07-17 17:23:30,26.82,47.19,4.92,0.11,0.082,2020-07-17,"Jul","Fri",17,"Fri",35258.91213,TRUE
"Zone.3..Power.Consumption",2020-07-23 17:19:00,30.02,32.85,4.906,195.2,215.5,2020-07-23,"Jul","Thu",17,"Thu",35258.91213,TRUE
"Zone.3..Power.Consumption",2020-08-18 17:22:10,24.18,78.8,0.066,0.066,0.096,2020-08-18,"Aug","Tue",17,"Tue",35270.21944,TRUE
"Zone.3..Power.Consumption",2020-08-12 17:22:20,24.2,46.98,4.907,0.091,0.059,2020-08-12,"Aug","Wed",17,"Wed",35276.23824,TRUE
"Zone.3..Power.Consumption",2020-08-13 17:21:50,21.61,52.18,4.904,0.084,0.126,2020-08-13,"Aug","Thu",17,"Thu",35276.23824,TRUE
"Zone.3..Power.Consumption",2020-07-03 17:20:30,24.84,81.1,4.92,5.035,4.027,2020-07-03,"Jul","Fri",17,"Fri",35283.01255,TRUE
"Zone.3..Power.Consumption",2020-08-22 17:20:10,22.93,49.85,4.931,0.804,0.674,2020-08-22,"Aug","Sat",17,"Sat",35312.3511,TRUE
"Zone.3..Power.Consumption",2020-07-06 17:21:10,26.53,78.2,4.922,0.084,0.115,2020-07-06,"Jul","Mon",17,"Mon",35313.13808,TRUE
"Zone.3..Power.Consumption",2020-07-06 17:21:30,26.15,79.5,4.924,0.088,0.1,2020-07-06,"Jul","Mon",17,"Mon",35313.13808,TRUE
"Zone.3..Power.Consumption",2020-07-08 17:22:30,24.9,79.3,4.905,0.102,0.093,2020-07-08,"Jul","Wed",17,"Wed",35313.13808,TRUE
"Zone.3..Power.Consumption",2020-07-27 17:00:00,27.44,45.12,4.907,0.084,0.126,2020-07-27,"Jul","Mon",17,"Mon",35319.16318,TRUE
"Zone.3..Power.Consumption",2020-08-05 17:22:30,25.98,84.2,4.908,0.08,0.156,2020-08-05,"Aug","Wed",17,"Wed",35330.40752,TRUE
"Zone.3..Power.Consumption",2020-07-05 17:21:40,25.29,82.7,4.924,0.084,0.089,2020-07-05,"Jul","Sun",17,"Sun",35331.21339,TRUE
"Zone.3..Power.Consumption",2020-07-06 17:21:00,26.74,77,4.922,0.157,0.137,2020-07-06,"Jul","Mon",17,"Mon",35337.23849,TRUE
"Zone.3..Power.Consumption",2020-07-16 17:23:30,25.88,83.3,4.916,0.077,0.115,2020-07-16,"Jul","Thu",17,"Thu",35337.23849,TRUE
"Zone.3..Power.Consumption",2020-07-26 17:18:50,36.68,26.88,4.908,202.5,206.1,2020-07-26,"Jul","Sun",17,"Sun",35337.23849,TRUE
"Zone.3..Power.Consumption",2020-08-23 17:19:20,25.28,55.75,4.902,56,62.67,2020-08-23,"Aug","Sun",17,"Sun",35342.44514,TRUE
"Zone.3..Power.Consumption",2020-07-01 17:21:20,27.16,48.37,4.923,0.102,0.082,2020-07-01,"Jul","Wed",17,"Wed",35349.2887,TRUE
"Zone.3..Power.Consumption",2020-07-02 17:20:20,25.09,80.5,4.922,14.31,11.87,2020-07-02,"Jul","Thu",17,"Thu",35355.31381,TRUE
"Zone.3..Power.Consumption",2020-07-02 17:20:30,24.96,81.1,4.919,6.786,5.695,2020-07-02,"Jul","Thu",17,"Thu",35355.31381,TRUE
"Zone.3..Power.Consumption",2020-07-29 17:23:00,24.9,62.92,4.903,0.099,0.115,2020-07-29,"Jul","Wed",17,"Wed",35355.31381,TRUE
"Zone.3..Power.Consumption",2020-08-01 17:22:30,26.3,82.9,4.908,0.048,0.13,2020-08-01,"Aug","Sat",17,"Sat",35360.50157,TRUE
"Zone.3..Power.Consumption",2020-07-13 17:23:20,24.21,85.5,4.914,0.055,0.122,2020-07-13,"Jul","Mon",17,"Mon",35367.36402,TRUE
"Zone.3..Power.Consumption",2020-08-10 17:19:10,32.76,27.31,4.907,70.7,56.94,2020-08-10,"Aug","Mon",17,"Mon",35372.53918,TRUE
"Zone.3..Power.Consumption",2020-08-17 17:22:00,23.78,62.65,0.07,0.091,0.104,2020-08-17,"Aug","Mon",17,"Mon",35372.53918,TRUE
"Zone.3..Power.Consumption",2020-07-03 17:20:20,24.91,80.5,4.92,13.12,10.62,2020-07-03,"Jul","Fri",17,"Fri",35373.38912,TRUE
"Zone.3..Power.Consumption",2020-07-04 17:20:00,25.15,78.5,4.925,28.59,24.5,2020-07-04,"Jul","Sat",17,"Sat",35373.38912,TRUE
"Zone.3..Power.Consumption",2020-07-02 17:20:40,24.88,82,4.922,2.362,1.938,2020-07-02,"Jul","Thu",17,"Thu",35379.41423,TRUE
"Zone.3..Power.Consumption",2020-08-09 17:22:20,28.89,53.58,4.906,0.091,0.111,2020-08-09,"Aug","Sun",17,"Sun",35396.61442,TRUE
"Zone.3..Power.Consumption",2020-07-11 17:23:00,23.83,71.8,4.906,0.113,0.07,2020-07-11,"Jul","Sat",17,"Sat",35397.48954,TRUE
"Zone.3..Power.Consumption",2020-07-18 17:19:10,32.96,27.21,4.922,164.1,174.3,2020-07-18,"Jul","Sat",17,"Sat",35403.51464,TRUE
"Zone.3..Power.Consumption",2020-08-09 17:21:50,29.3,52.38,4.907,0.106,0.1,2020-08-09,"Aug","Sun",17,"Sun",35408.65204,TRUE
"Zone.3..Power.Consumption",2020-07-02 17:20:10,25.2,79.8,4.918,25.9,21.94,2020-07-02,"Jul","Thu",17,"Thu",35409.53975,TRUE
"Zone.3..Power.Consumption",2020-08-08 17:22:40,26.7,85.3,4.909,0.099,0.137,2020-08-08,"Aug","Sat",17,"Sat",35414.67085,TRUE
"Zone.3..Power.Consumption",2020-08-19 17:22:20,24.94,88.5,4.92,0.091,0.1,2020-08-19,"Aug","Wed",17,"Wed",35426.70846,TRUE
"Zone.3..Power.Consumption",2020-07-30 17:22:50,23.58,61.89,4.912,0.073,0.104,2020-07-30,"Jul","Thu",17,"Thu",35427.61506,TRUE
"Zone.3..Power.Consumption",2020-08-04 17:22:10,25.24,84.4,4.905,0.044,0.17,2020-08-04,"Aug","Tue",17,"Tue",35444.76489,TRUE
"Zone.3..Power.Consumption",2020-08-15 17:22:10,23.05,61.02,4.909,0.102,0.059,2020-08-15,"Aug","Sat",17,"Sat",35450.7837,TRUE
"Zone.3..Power.Consumption",2020-07-04 17:20:50,24.75,80.3,4.918,0.563,0.463,2020-07-04,"Jul","Sat",17,"Sat",35457.74059,TRUE
"Zone.3..Power.Consumption",2020-07-07 17:21:20,31.19,35.85,4.921,0.099,0.063,2020-07-07,"Jul","Tue",17,"Tue",35457.74059,TRUE
"Zone.3..Power.Consumption",2020-08-02 17:21:10,25.82,58.93,4.906,0.084,0.085,2020-08-02,"Aug","Sun",17,"Sun",35462.82132,TRUE
"Zone.3..Power.Consumption",2020-08-13 17:21:40,21.77,51.85,4.905,0.117,0.078,2020-08-13,"Aug","Thu",17,"Thu",35462.82132,TRUE
"Zone.3..Power.Consumption",2020-07-06 17:19:50,28.17,65.9,4.928,61.46,59.96,2020-07-06,"Jul","Mon",17,"Mon",35463.76569,TRUE
"Zone.3..Power.Consumption",2020-07-18 17:23:40,26.42,42.85,4.92,0.095,0.137,2020-07-18,"Jul","Sat",17,"Sat",35463.76569,TRUE
"Zone.3..Power.Consumption",2020-08-14 17:21:20,23.28,50.13,4.908,0.11,0.059,2020-08-14,"Aug","Fri",17,"Fri",35480.87774,TRUE
"Zone.3..Power.Consumption",2020-07-06 17:21:20,26.35,79,4.917,0.073,0.126,2020-07-06,"Jul","Mon",17,"Mon",35493.89121,TRUE
"Zone.3..Power.Consumption",2020-07-07 17:21:00,31.69,35.85,4.915,0.11,0.122,2020-07-07,"Jul","Tue",17,"Tue",35493.89121,TRUE
"Zone.3..Power.Consumption",2020-07-14 17:23:20,25.45,80.7,4.916,0.088,0.137,2020-07-14,"Jul","Tue",17,"Tue",35493.89121,TRUE
"Zone.3..Power.Consumption",2020-08-10 17:22:20,28.9,31.34,4.91,0.084,0.078,2020-08-10,"Aug","Mon",17,"Mon",35498.93417,TRUE
"Zone.3..Power.Consumption",2020-07-01 17:21:10,27.34,46.96,4.92,0.088,0.078,2020-07-01,"Jul","Wed",17,"Wed",35499.91632,TRUE
"Zone.3..Power.Consumption",2020-08-11 17:21:50,30.17,25.94,4.908,0.084,0.1,2020-08-11,"Aug","Tue",17,"Tue",35504.95298,TRUE
"Zone.3..Power.Consumption",2020-08-21 17:19:30,25.54,55.12,4.919,44.81,50.41,2020-08-21,"Aug","Fri",17,"Fri",35504.95298,TRUE
"Zone.3..Power.Consumption",2020-08-21 17:19:40,25.12,55.85,4.922,22.83,23.43,2020-08-21,"Aug","Fri",17,"Fri",35510.97179,TRUE
"Zone.3..Power.Consumption",2020-07-07 17:21:10,31.3,36.15,4.92,0.08,0.1,2020-07-07,"Jul","Tue",17,"Tue",35517.99163,TRUE
"Zone.3..Power.Consumption",2020-07-28 17:00:10,25.15,79.7,4.903,0.095,0.119,2020-07-28,"Jul","Tue",17,"Tue",35517.99163,TRUE
"Zone.3..Power.Consumption",2020-07-28 17:22:50,26.88,46.95,4.912,0.088,0.104,2020-07-28,"Jul","Tue",17,"Tue",35524.01674,TRUE
"Zone.3..Power.Consumption",2020-08-21 17:19:50,24.81,56.95,4.924,7.73,6.465,2020-08-21,"Aug","Fri",17,"Fri",35535.04702,TRUE
"Zone.3..Power.Consumption",2020-07-06 17:20:50,26.88,74.8,4.926,0.614,0.496,2020-07-06,"Jul","Mon",17,"Mon",35542.09205,TRUE
"Zone.3..Power.Consumption",2020-08-23 17:20:20,24.2,60.89,4.902,0.164,0.122,2020-08-23,"Aug","Sun",17,"Sun",35547.08464,TRUE
"Zone.3..Power.Consumption",2020-08-12 17:22:10,24.35,45.42,4.903,0.091,0.067,2020-08-12,"Aug","Wed",17,"Wed",35553.10345,TRUE
"Zone.3..Power.Consumption",2020-07-21 17:23:30,28.89,27.44,4.91,0.121,0.093,2020-07-21,"Jul","Tue",17,"Tue",35566.19247,TRUE
"Zone.3..Power.Consumption",2020-08-09 17:22:00,29.08,53.32,4.904,0.121,0.078,2020-08-09,"Aug","Sun",17,"Sun",35583.19749,TRUE
"Zone.3..Power.Consumption",2020-08-23 17:19:30,25.14,56.29,4.902,38.04,42.21,2020-08-23,"Aug","Sun",17,"Sun",35589.2163,TRUE
"Zone.3..Power.Consumption",2020-07-11 17:19:30,27.8,57.66,4.91,108.4,112.3,2020-07-11,"Jul","Sat",17,"Sat",35608.3682,TRUE
"Zone.3..Power.Consumption",2020-07-24 17:00:00,24.43,62.15,4.903,0.102,0.107,2020-07-24,"Jul","Fri",17,"Fri",35608.3682,TRUE
"Zone.3..Power.Consumption",2020-07-05 17:21:30,25.29,82,4.922,0.102,0.104,2020-07-05,"Jul","Sun",17,"Sun",35614.39331,TRUE
"Zone.3..Power.Consumption",2020-08-05 17:22:20,25.97,84.4,4.91,0.062,0.141,2020-08-05,"Aug","Wed",17,"Wed",35619.31034,TRUE
"Zone.3..Power.Consumption",2020-08-19 17:19:00,25.77,83.2,4.92,124.5,107.5,2020-08-19,"Aug","Wed",17,"Wed",35619.31034,TRUE
"Zone.3..Power.Consumption",2020-08-08 17:19:10,27.69,80.2,4.902,60.57,52.88,2020-08-08,"Aug","Sat",17,"Sat",35631.34796,TRUE
"Zone.3..Power.Consumption",2020-07-20 17:23:30,26.94,52.75,0.078,0.084,0.1,2020-07-20,"Jul","Mon",17,"Mon",35650.54393,TRUE
"Zone.3..Power.Consumption",2020-07-07 17:20:50,32.07,34.38,4.918,0.797,0.689,2020-07-07,"Jul","Tue",17,"Tue",35656.56904,TRUE
"Zone.3..Power.Consumption",2020-08-07 17:19:10,27.86,71.7,4.903,80.4,64.54,2020-08-07,"Aug","Fri",17,"Fri",35661.44201,TRUE
"Zone.3..Power.Consumption",2020-08-15 17:22:00,23.11,60.09,4.903,0.077,0.089,2020-08-15,"Aug","Sat",17,"Sat",35661.44201,TRUE
"Zone.3..Power.Consumption",2020-08-22 17:20:00,23.12,46.65,4.933,3.008,2.511,2020-08-22,"Aug","Sat",17,"Sat",35667.46082,TRUE
"Zone.3..Power.Consumption",2020-08-04 17:19:20,26.46,77.9,4.903,87,68.94,2020-08-04,"Aug","Tue",17,"Tue",35679.49843,TRUE
"Zone.3..Power.Consumption",2020-08-03 17:22:00,26.4,63.89,4.902,0.106,0.074,2020-08-03,"Aug","Mon",17,"Mon",35685.51724,TRUE
"Zone.3..Power.Consumption",2020-08-09 17:21:40,29.5,50.92,4.904,0.08,0.074,2020-08-09,"Aug","Sun",17,"Sun",35685.51724,TRUE
"Zone.3..Power.Consumption",2020-08-04 17:22:00,25.32,84.1,4.901,0.051,0.17,2020-08-04,"Aug","Tue",17,"Tue",35691.53605,TRUE
"Zone.3..Power.Consumption",2020-07-04 17:20:40,24.81,80,4.922,2.486,2.012,2020-07-04,"Jul","Sat",17,"Sat",35692.71967,TRUE
"Zone.3..Power.Consumption",2020-08-14 17:21:10,23.24,52.46,4.906,0.084,0.082,2020-08-14,"Aug","Fri",17,"Fri",35697.55486,TRUE
"Zone.3..Power.Consumption",2020-08-19 17:22:10,24.99,88.5,4.917,0.073,0.133,2020-08-19,"Aug","Wed",17,"Wed",35697.55486,TRUE
"Zone.3..Power.Consumption",2020-07-07 17:20:00,33.74,30.15,4.919,27.17,25.41,2020-07-07,"Jul","Tue",17,"Tue",35704.76987,TRUE
"Zone.3..Power.Consumption",2020-07-04 17:20:30,24.9,79.4,4.923,7.43,5.924,2020-07-04,"Jul","Sat",17,"Sat",35716.82008,TRUE
"Zone.3..Power.Consumption",2020-08-18 17:22:00,24.2,78.6,0.068,0.084,0.096,2020-08-18,"Aug","Tue",17,"Tue",35721.63009,TRUE
"Zone.3..Power.Consumption",2020-07-31 17:22:40,25.25,70.7,4.906,0.099,0.078,2020-07-31,"Jul","Fri",17,"Fri",35728.87029,TRUE
"Zone.3..Power.Consumption",2020-08-08 17:22:30,26.77,85.2,4.907,0.077,0.122,2020-08-08,"Aug","Sat",17,"Sat",35733.66771,TRUE
"Zone.3..Power.Consumption",2020-08-09 17:21:30,29.63,50.48,4.902,0.099,0.115,2020-08-09,"Aug","Sun",17,"Sun",35733.66771,TRUE
"Zone.3..Power.Consumption",2020-07-23 17:00:00,26.45,32.51,4.908,0.091,0.111,2020-07-23,"Jul","Thu",17,"Thu",35734.8954,TRUE
"Zone.3..Power.Consumption",2020-07-04 17:20:10,24.97,79.2,4.92,19.41,16.16,2020-07-04,"Jul","Sat",17,"Sat",35740.9205,TRUE
"Zone.3..Power.Consumption",2020-08-16 17:22:00,22.79,62.78,0.07,0.091,0.096,2020-08-16,"Aug","Sun",17,"Sun",35757.74295,TRUE
"Zone.3..Power.Consumption",2020-07-19 17:23:30,28.68,41.45,4.914,0.099,0.107,2020-07-19,"Jul","Sun",17,"Sun",35765.02092,TRUE
"Zone.3..Power.Consumption",2020-08-10 17:22:10,29.08,31.28,4.908,0.077,0.033,2020-08-10,"Aug","Mon",17,"Mon",35775.79937,TRUE
"Zone.3..Power.Consumption",2020-07-01 17:19:50,29.4,41.93,4.921,64.68,62.02,2020-07-01,"Jul","Wed",17,"Wed",35777.07113,TRUE
"Zone.3..Power.Consumption",2020-08-09 17:22:10,29,53.48,4.907,0.077,0.107,2020-08-09,"Aug","Sun",17,"Sun",35781.81818,TRUE
"Zone.3..Power.Consumption",2020-08-23 17:19:50,24.68,58.49,4.903,6.963,5.915,2020-08-23,"Aug","Sun",17,"Sun",35781.81818,TRUE
"Zone.3..Power.Consumption",2020-08-21 17:19:20,25.83,54.65,4.929,66.04,74.7,2020-08-21,"Aug","Fri",17,"Fri",35787.83699,TRUE
"Zone.3..Power.Consumption",2020-08-23 17:19:40,24.99,57.39,4.9,18.07,17.58,2020-08-23,"Aug","Sun",17,"Sun",35787.83699,TRUE
"Zone.3..Power.Consumption",2020-08-11 17:21:40,29.93,25.44,4.905,0.088,0.081,2020-08-11,"Aug","Tue",17,"Tue",35793.8558,TRUE
"Zone.3..Power.Consumption",2020-08-23 17:20:10,24.36,59.85,4.901,0.654,0.615,2020-08-23,"Aug","Sun",17,"Sun",35793.8558,TRUE
"Zone.3..Power.Consumption",2020-07-13 17:23:10,24.8,85.6,4.914,0.091,0.144,2020-07-13,"Jul","Mon",17,"Mon",35795.14644,TRUE
"Zone.3..Power.Consumption",2020-07-25 17:00:20,24.1,45.45,4.911,0.099,0.078,2020-07-25,"Jul","Sat",17,"Sat",35801.17155,TRUE
"Zone.3..Power.Consumption",2020-08-23 17:20:00,24.53,59.32,4.901,2.818,2.308,2020-08-23,"Aug","Sun",17,"Sun",35805.89342,TRUE
"Zone.3..Power.Consumption",2020-08-01 17:22:20,26.31,82.9,4.909,0.059,0.1,2020-08-01,"Aug","Sat",17,"Sat",35817.93103,TRUE
"Zone.3..Power.Consumption",2020-07-04 17:20:20,24.9,79.3,4.92,13.04,10.53,2020-07-04,"Jul","Sat",17,"Sat",35819.24686,TRUE
"Zone.3..Power.Consumption",2020-07-05 17:20:00,25.76,79.5,4.923,42.71,38.69,2020-07-05,"Jul","Sun",17,"Sun",35831.29707,TRUE
"Zone.3..Power.Consumption",2020-07-15 17:23:40,26.14,82.6,4.919,0.059,0.133,2020-07-15,"Jul","Wed",17,"Wed",35831.29707,TRUE
"Zone.3..Power.Consumption",2020-07-10 17:22:50,28.04,29.68,4.915,0.099,0.122,2020-07-10,"Jul","Fri",17,"Fri",35855.39749,TRUE
"Zone.3..Power.Consumption",2020-07-07 17:20:40,32.36,33.55,4.917,2.077,1.775,2020-07-07,"Jul","Tue",17,"Tue",35861.42259,TRUE
"Zone.3..Power.Consumption",2020-07-08 17:22:20,25.06,78.7,4.906,0.106,0.122,2020-07-08,"Jul","Wed",17,"Wed",35873.4728,TRUE
"Zone.3..Power.Consumption",2020-07-01 17:21:00,27.42,45.9,4.92,0.194,0.174,2020-07-01,"Jul","Wed",17,"Wed",35879.49791,TRUE
"Zone.3..Power.Consumption",2020-07-09 17:22:40,24.9,55.49,4.918,0.117,0.096,2020-07-09,"Jul","Thu",17,"Thu",35879.49791,TRUE
"Zone.3..Power.Consumption",2020-07-11 17:22:50,23.73,71.3,4.913,0.084,0.093,2020-07-11,"Jul","Sat",17,"Sat",35885.52301,TRUE
"Zone.3..Power.Consumption",2020-08-06 17:22:10,27.71,74.3,4.906,0.135,0.063,2020-08-06,"Aug","Thu",17,"Thu",35896.17555,TRUE
"Zone.3..Power.Consumption",2020-08-07 17:22:40,26.61,85.9,4.912,0.121,0.122,2020-08-07,"Aug","Fri",17,"Fri",35896.17555,TRUE
"Zone.3..Power.Consumption",2020-08-12 17:22:00,24.59,44.05,4.902,0.08,0.067,2020-08-12,"Aug","Wed",17,"Wed",35902.19436,TRUE
"Zone.3..Power.Consumption",2020-08-17 17:21:50,24,61.95,0.07,0.077,0.096,2020-08-17,"Aug","Mon",17,"Mon",35902.19436,TRUE
"Zone.3..Power.Consumption",2020-07-24 17:19:20,30.08,36.85,4.905,131.2,144.9,2020-07-24,"Jul","Fri",17,"Fri",35903.59833,TRUE
"Zone.3..Power.Consumption",2020-07-07 17:20:30,32.65,33.11,4.916,3.7,3.16,2020-07-07,"Jul","Tue",17,"Tue",35909.62343,TRUE
"Zone.3..Power.Consumption",2020-07-05 17:21:20,25.24,82,4.923,0.08,0.111,2020-07-05,"Jul","Sun",17,"Sun",35915.64854,TRUE
"Zone.3..Power.Consumption",2020-07-12 17:23:00,24.28,83.7,4.907,0.073,0.163,2020-07-12,"Jul","Sun",17,"Sun",35915.64854,TRUE
"Zone.3..Power.Consumption",2020-07-18 17:23:30,26.62,42.85,4.92,0.08,0.178,2020-07-18,"Jul","Sat",17,"Sat",35915.64854,TRUE
"Zone.3..Power.Consumption",2020-07-06 17:20:00,27.98,66.37,4.919,37.27,35.37,2020-07-06,"Jul","Mon",17,"Mon",35933.72385,TRUE
"Zone.3..Power.Consumption",2020-08-09 17:21:20,29.61,50.48,4.906,0.121,0.052,2020-08-09,"Aug","Sun",17,"Sun",35938.30721,TRUE
"Zone.3..Power.Consumption",2020-07-07 17:20:10,33.36,31.18,4.917,18.21,16.46,2020-07-07,"Jul","Tue",17,"Tue",35945.77406,TRUE
"Zone.3..Power.Consumption",2020-07-16 17:23:20,25.87,83.9,4.916,0.044,0.152,2020-07-16,"Jul","Thu",17,"Thu",35963.84937,TRUE
"Zone.3..Power.Consumption",2020-08-20 17:21:00,25.65,84.2,4.918,0.084,0.122,2020-08-20,"Aug","Thu",17,"Thu",35980.43887,TRUE
"Zone.3..Power.Consumption",2020-07-06 17:20:40,27.17,73,4.922,2.095,1.775,2020-07-06,"Jul","Mon",17,"Mon",35981.92469,TRUE
"Zone.3..Power.Consumption",2020-07-05 17:21:10,25.28,81.9,4.926,0.084,0.119,2020-07-05,"Jul","Sun",17,"Sun",35987.94979,TRUE
"Zone.3..Power.Consumption",2020-07-05 17:20:10,25.65,80,4.92,26.34,22.95,2020-07-05,"Jul","Sun",17,"Sun",36000,TRUE
"Zone.3..Power.Consumption",2020-07-30 17:22:40,23.53,62.72,4.909,0.099,0.082,2020-07-30,"Jul","Thu",17,"Thu",36000,TRUE
"Zone.3..Power.Consumption",2020-08-02 17:21:00,25.91,56.86,4.904,0.084,0.107,2020-08-02,"Aug","Sun",17,"Sun",36004.51411,TRUE
"Zone.3..Power.Consumption",2020-07-28 17:22:40,26.85,47.32,4.909,0.088,0.107,2020-07-28,"Jul","Tue",17,"Tue",36018.07531,TRUE
"Zone.3..Power.Consumption",2020-08-01 17:22:10,26.36,82.7,4.908,0.091,0.126,2020-08-01,"Aug","Sat",17,"Sat",36022.57053,TRUE
"Zone.3..Power.Consumption",2020-08-05 17:22:10,25.96,84.7,4.907,0.088,0.156,2020-08-05,"Aug","Wed",17,"Wed",36022.57053,TRUE
"Zone.3..Power.Consumption",2020-08-08 17:22:20,26.77,85.1,4.907,0.088,0.104,2020-08-08,"Aug","Sat",17,"Sat",36046.64577,TRUE
"Zone.3..Power.Consumption",2020-08-13 17:21:30,21.81,51.85,4.903,0.099,0.107,2020-08-13,"Aug","Thu",17,"Thu",36046.64577,TRUE
"Zone.3..Power.Consumption",2020-08-19 17:22:00,25.03,88.4,4.92,0.077,0.107,2020-08-19,"Aug","Wed",17,"Wed",36046.64577,TRUE
"Zone.3..Power.Consumption",2020-07-29 17:22:50,25.15,61.55,4.909,0.106,0.096,2020-07-29,"Jul","Wed",17,"Wed",36048.20084,TRUE
"Zone.3..Power.Consumption",2020-07-26 17:23:50,27.6,45.15,4.911,0.066,0.137,2020-07-26,"Jul","Sun",17,"Sun",36054.22594,TRUE
"Zone.3..Power.Consumption",2020-08-10 17:22:00,29.41,30.64,4.904,0.077,0.096,2020-08-10,"Aug","Mon",17,"Mon",36064.70219,TRUE
"Zone.3..Power.Consumption",2020-08-04 17:21:50,25.41,83.8,4.907,0.051,0.093,2020-08-04,"Aug","Tue",17,"Tue",36070.721,TRUE
"Zone.3..Power.Consumption",2020-08-22 17:19:20,24.01,42.01,4.938,64.44,75.8,2020-08-22,"Aug","Sat",17,"Sat",36070.721,TRUE
"Zone.3..Power.Consumption",2020-07-05 17:20:20,25.55,80.5,4.919,13.23,10.73,2020-07-05,"Jul","Sun",17,"Sun",36078.32636,TRUE
"Zone.3..Power.Consumption",2020-07-27 17:18:50,28.38,61.65,4.908,181.2,172.5,2020-07-27,"Jul","Mon",17,"Mon",36078.32636,TRUE
"Zone.3..Power.Consumption",2020-07-21 17:23:20,29.35,26.64,4.909,0.095,0.115,2020-07-21,"Jul","Tue",17,"Tue",36084.35146,TRUE
"Zone.3..Power.Consumption",2020-07-26 17:00:00,22.7,75.1,4.904,0.073,0.119,2020-07-26,"Jul","Sun",17,"Sun",36108.45188,TRUE
"Zone.3..Power.Consumption",2020-08-02 17:19:40,27.95,49.89,4.903,55.99,48.74,2020-08-02,"Aug","Sun",17,"Sun",36112.85266,TRUE
"Zone.3..Power.Consumption",2020-07-05 17:21:00,25.29,82,4.918,0.102,0.115,2020-07-05,"Jul","Sun",17,"Sun",36114.47699,TRUE
"Zone.3..Power.Consumption",2020-07-07 17:20:20,33.03,32.05,4.922,9.32,8.09,2020-07-07,"Jul","Tue",17,"Tue",36114.47699,TRUE
"Zone.3..Power.Consumption",2020-08-11 17:21:30,29.66,26.51,4.908,0.088,0.074,2020-08-11,"Aug","Tue",17,"Tue",36124.89028,TRUE
"Zone.3..Power.Consumption",2020-07-12 17:19:30,28.25,57.1,4.909,107.3,110.8,2020-07-12,"Jul","Sun",17,"Sun",36126.5272,TRUE
"Zone.3..Power.Consumption",2020-07-26 17:19:00,36.71,20.24,4.907,175.6,179.9,2020-07-26,"Jul","Sun",17,"Sun",36132.5523,TRUE
"Zone.3..Power.Consumption",2020-07-05 17:20:30,25.45,81,4.92,5.561,4.416,2020-07-05,"Jul","Sun",17,"Sun",36138.57741,TRUE
"Zone.3..Power.Consumption",2020-07-08 17:22:10,25.21,77.8,4.903,0.121,0.07,2020-07-08,"Jul","Wed",17,"Wed",36138.57741,TRUE
"Zone.3..Power.Consumption",2020-07-05 17:20:50,25.33,81.7,4.924,0.41,0.27,2020-07-05,"Jul","Sun",17,"Sun",36156.65272,TRUE
"Zone.3..Power.Consumption",2020-08-15 17:21:50,23.24,60.09,4.908,0.095,0.089,2020-08-15,"Aug","Sat",17,"Sat",36161.00313,TRUE
"Zone.3..Power.Consumption",2020-07-17 17:23:20,26.93,46.12,4.924,0.106,0.096,2020-07-17,"Jul","Fri",17,"Fri",36162.67782,TRUE
"Zone.3..Power.Consumption",2020-07-25 17:19:00,28.69,47.62,4.909,178.9,189.4,2020-07-25,"Jul","Sat",17,"Sat",36162.67782,TRUE
"Zone.3..Power.Consumption",2020-08-20 17:20:50,25.67,84.1,4.926,0.073,0.152,2020-08-20,"Aug","Thu",17,"Thu",36173.04075,TRUE
"Zone.3..Power.Consumption",2020-08-06 17:22:00,27.96,75.6,4.902,0.11,0.089,2020-08-06,"Aug","Thu",17,"Thu",36185.07837,TRUE
"Zone.3..Power.Consumption",2020-08-22 17:19:30,23.8,43.34,4.928,43.55,51.22,2020-08-22,"Aug","Sat",17,"Sat",36185.07837,TRUE
"Zone.3..Power.Consumption",2020-07-05 17:20:40,25.33,81.6,4.922,1.898,1.482,2020-07-05,"Jul","Sun",17,"Sun",36186.77824,TRUE
"Zone.3..Power.Consumption",2020-08-03 17:21:50,26.54,63.69,4.906,0.102,0.07,2020-08-03,"Aug","Mon",17,"Mon",36197.11599,TRUE
"Zone.3..Power.Consumption",2020-08-05 17:19:20,26.92,80.1,4.902,49.34,38.16,2020-08-05,"Aug","Wed",17,"Wed",36197.11599,TRUE
"Zone.3..Power.Consumption",2020-08-11 17:19:20,33.54,13.6,4.904,69.38,62.93,2020-08-11,"Aug","Tue",17,"Tue",36197.11599,TRUE
"Zone.3..Power.Consumption",2020-08-22 17:19:50,23.28,45.15,4.932,7.14,6.03,2020-08-22,"Aug","Sat",17,"Sat",36203.1348,TRUE
"Zone.3..Power.Consumption",2020-08-01 17:22:00,26.39,82.6,4.905,0.073,0.082,2020-08-01,"Aug","Sat",17,"Sat",36209.15361,TRUE
"Zone.3..Power.Consumption",2020-08-16 17:21:50,22.91,62.34,0.07,0.113,0.078,2020-08-16,"Aug","Sun",17,"Sun",36209.15361,TRUE
"Zone.3..Power.Consumption",2020-07-14 17:23:10,25.47,80.5,4.912,0.08,0.093,2020-07-14,"Jul","Tue",17,"Tue",36210.87866,TRUE
"Zone.3..Power.Consumption",2020-08-22 17:19:40,23.51,44.61,4.929,21.11,22.35,2020-08-22,"Aug","Sat",17,"Sat",36233.22884,TRUE
"Zone.3..Power.Consumption",2020-08-14 17:21:00,23.32,52.53,4.902,0.102,0.048,2020-08-14,"Aug","Fri",17,"Fri",36239.24765,TRUE
"Zone.3..Power.Consumption",2020-07-10 17:22:40,28.19,29.88,4.915,0.091,0.104,2020-07-10,"Jul","Fri",17,"Fri",36241.00418,TRUE
"Zone.3..Power.Consumption",2020-07-13 17:23:00,24.86,85.5,4.909,0.051,0.174,2020-07-13,"Jul","Mon",17,"Mon",36247.02929,TRUE
"Zone.3..Power.Consumption",2020-07-06 17:20:30,27.4,70.4,4.926,5.792,4.902,2020-07-06,"Jul","Mon",17,"Mon",36253.05439,TRUE
"Zone.3..Power.Consumption",2020-07-29 17:19:20,30.33,35.35,4.911,124.7,138.3,2020-07-29,"Jul","Wed",17,"Wed",36253.05439,TRUE
"Zone.3..Power.Consumption",2020-07-15 17:19:20,26.81,74.7,4.914,146.8,141.3,2020-07-15,"Jul","Wed",17,"Wed",36259.0795,TRUE
"Zone.3..Power.Consumption",2020-07-15 17:23:30,26.18,82.3,4.916,0.062,0.115,2020-07-15,"Jul","Wed",17,"Wed",36265.1046,TRUE
"Zone.3..Power.Consumption",2020-08-18 17:21:50,24.26,78.6,0.066,0.088,0.104,2020-08-18,"Aug","Tue",17,"Tue",36269.34169,TRUE
"Zone.3..Power.Consumption",2020-07-01 17:20:50,27.52,45.13,4.921,0.841,0.7,2020-07-01,"Jul","Wed",17,"Wed",36271.12971,TRUE
"Zone.3..Power.Consumption",2020-08-08 17:22:10,26.79,84.9,4.906,0.08,0.126,2020-08-08,"Aug","Sat",17,"Sat",36275.3605,TRUE
"Zone.3..Power.Consumption",2020-07-17 17:19:20,32.51,36.25,4.921,133.3,140.9,2020-07-17,"Jul","Fri",17,"Fri",36277.15481,TRUE
"Zone.3..Power.Consumption",2020-08-05 17:22:00,25.96,84.8,4.905,0.066,0.137,2020-08-05,"Aug","Wed",17,"Wed",36293.41693,TRUE
"Zone.3..Power.Consumption",2020-08-09 17:21:10,29.71,49.68,4.905,0.095,0.044,2020-08-09,"Aug","Sun",17,"Sun",36293.41693,TRUE
"Zone.3..Power.Consumption",2020-07-09 17:22:30,25.06,54.63,4.917,0.069,0.122,2020-07-09,"Jul","Thu",17,"Thu",36295.23013,TRUE
"Zone.3..Power.Consumption",2020-08-02 17:20:50,26.17,57.73,4.908,0.113,0.059,2020-08-02,"Aug","Sun",17,"Sun",36299.43574,TRUE
"Zone.3..Power.Consumption",2020-08-13 17:21:20,21.7,52.62,4.904,0.058,0.119,2020-08-13,"Aug","Thu",17,"Thu",36305.45455,TRUE
"Zone.3..Power.Consumption",2020-08-14 17:19:20,25.16,40.09,4.908,97.2,109.5,2020-08-14,"Aug","Fri",17,"Fri",36305.45455,TRUE
"Zone.3..Power.Consumption",2020-07-18 17:23:20,26.53,42.75,4.92,0.106,0.1,2020-07-18,"Jul","Sat",17,"Sat",36331.38075,TRUE
"Zone.3..Power.Consumption",2020-07-12 17:22:50,24.12,83.9,4.912,0.051,0.156,2020-07-12,"Jul","Sun",17,"Sun",36337.40586,TRUE
"Zone.3..Power.Consumption",2020-08-20 17:20:40,25.69,84,4.92,0.058,0.141,2020-08-20,"Aug","Thu",17,"Thu",36347.58621,TRUE
"Zone.3..Power.Consumption",2020-07-30 17:22:30,23.54,63.26,4.909,0.106,0.078,2020-07-30,"Jul","Thu",17,"Thu",36349.45607,TRUE
"Zone.3..Power.Consumption",2020-07-06 17:20:20,27.63,68.77,4.923,11.87,10.22,2020-07-06,"Jul","Mon",17,"Mon",36355.48117,TRUE
"Zone.3..Power.Consumption",2020-07-23 17:23:50,24.55,60.32,4.906,0.084,0.1,2020-07-23,"Jul","Thu",17,"Thu",36355.48117,TRUE
"Zone.3..Power.Consumption",2020-08-09 17:21:00,29.91,48.82,4.903,0.099,0.056,2020-08-09,"Aug","Sun",17,"Sun",36359.62382,TRUE
"Zone.3..Power.Consumption",2020-08-03 17:19:30,30.11,45.48,4.905,66.03,62.75,2020-08-03,"Aug","Mon",17,"Mon",36377.68025,TRUE
"Zone.3..Power.Consumption",2020-08-06 17:19:20,27.85,79,4.906,77,61.71,2020-08-06,"Aug","Thu",17,"Thu",36377.68025,TRUE
"Zone.3..Power.Consumption",2020-07-22 17:23:50,26.89,31.41,4.914,0.08,0.126,2020-07-22,"Jul","Wed",17,"Wed",36379.58159,TRUE
"Zone.3..Power.Consumption",2020-07-16 17:19:20,27,78.2,4.915,113.7,111.4,2020-07-16,"Jul","Thu",17,"Thu",36385.60669,TRUE
"Zone.3..Power.Consumption",2020-07-25 17:00:10,24.15,46.15,4.91,0.084,0.096,2020-07-25,"Jul","Sat",17,"Sat",36385.60669,TRUE
"Zone.3..Power.Consumption",2020-08-07 17:22:30,26.75,85.3,4.911,0.095,0.156,2020-08-07,"Aug","Fri",17,"Fri",36395.73668,TRUE
"Zone.3..Power.Consumption",2020-08-14 17:20:50,23.37,53,4.906,0.08,0.096,2020-08-14,"Aug","Fri",17,"Fri",36395.73668,TRUE
"Zone.3..Power.Consumption",2020-08-04 17:21:40,25.51,83.3,4.909,0.059,0.126,2020-08-04,"Aug","Tue",17,"Tue",36419.81191,TRUE
"Zone.3..Power.Consumption",2020-07-28 17:00:00,25.37,79.4,4.901,0.084,0.074,2020-07-28,"Jul","Tue",17,"Tue",36421.75732,TRUE
"Zone.3..Power.Consumption",2020-07-06 17:20:10,27.82,67.87,4.924,22.85,21.27,2020-07-06,"Jul","Mon",17,"Mon",36427.78243,TRUE
"Zone.3..Power.Consumption",2020-07-20 17:23:20,26.75,54.18,0.081,0.095,0.111,2020-07-20,"Jul","Mon",17,"Mon",36433.80753,TRUE
"Zone.3..Power.Consumption",2020-07-22 17:19:10,29.07,66.36,4.91,143.5,145.5,2020-07-22,"Jul","Wed",17,"Wed",36433.80753,TRUE
"Zone.3..Power.Consumption",2020-08-10 17:21:50,29.41,30.54,4.908,0.077,0.093,2020-08-10,"Aug","Mon",17,"Mon",36467.96238,TRUE
"Zone.3..Power.Consumption",2020-07-31 17:22:30,25.31,69.56,4.902,0.11,0.063,2020-07-31,"Jul","Fri",17,"Fri",36469.95816,TRUE
"Zone.3..Power.Consumption",2020-07-08 17:22:00,25.42,76.8,4.899,0.08,0.167,2020-07-08,"Jul","Wed",17,"Wed",36475.98326,TRUE
"Zone.3..Power.Consumption",2020-08-14 17:20:40,23.5,52.7,4.906,0.099,0.1,2020-08-14,"Aug","Fri",17,"Fri",36480,TRUE
"Zone.3..Power.Consumption",2020-07-28 17:22:30,26.88,48.28,4.908,0.099,0.1,2020-07-28,"Jul","Tue",17,"Tue",36482.00837,TRUE
"Zone.3..Power.Consumption",2020-08-12 17:21:50,24.84,42.78,4.907,0.117,0.081,2020-08-12,"Aug","Wed",17,"Wed",36492.03762,TRUE
"Zone.3..Power.Consumption",2020-08-11 17:21:20,29.9,25.74,4.91,0.084,0.089,2020-08-11,"Aug","Tue",17,"Tue",36528.15047,TRUE
"Zone.3..Power.Consumption",2020-08-17 17:21:40,24.18,61.48,0.071,0.091,0.1,2020-08-17,"Aug","Mon",17,"Mon",36528.15047,TRUE
"Zone.3..Power.Consumption",2020-07-13 17:19:30,26.88,73.6,4.912,98.2,92.5,2020-07-13,"Jul","Mon",17,"Mon",36530.20921,TRUE
"Zone.3..Power.Consumption",2020-08-02 17:20:40,26.35,57.3,4.906,0.26,0.245,2020-08-02,"Aug","Sun",17,"Sun",36546.2069,TRUE
"Zone.3..Power.Consumption",2020-08-03 17:21:40,26.82,62.89,4.903,0.088,0.07,2020-08-03,"Aug","Mon",17,"Mon",36552.22571,TRUE
"Zone.3..Power.Consumption",2020-07-01 17:20:00,28.71,42.19,4.919,48.66,46.31,2020-07-01,"Jul","Wed",17,"Wed",36560.33473,TRUE
"Zone.3..Power.Consumption",2020-07-17 17:23:10,27.07,45.69,4.917,0.069,0.182,2020-07-17,"Jul","Fri",17,"Fri",36566.35983,TRUE
"Zone.3..Power.Consumption",2020-07-13 17:22:50,24.92,85.3,4.915,0.069,0.119,2020-07-13,"Jul","Mon",17,"Mon",36578.41004,TRUE
"Zone.3..Power.Consumption",2020-07-23 17:19:10,29.62,35.95,4.904,165.7,184.3,2020-07-23,"Jul","Thu",17,"Thu",36578.41004,TRUE
"Zone.3..Power.Consumption",2020-08-06 17:21:50,27.88,75.6,4.907,0.095,0.107,2020-08-06,"Aug","Thu",17,"Thu",36582.31975,TRUE
"Zone.3..Power.Consumption",2020-08-19 17:21:50,25.06,88.3,4.922,0.11,0.137,2020-08-19,"Aug","Wed",17,"Wed",36594.35737,TRUE
"Zone.3..Power.Consumption",2020-07-19 17:23:20,28.6,45.05,4.916,0.084,0.126,2020-07-19,"Jul","Sun",17,"Sun",36596.48536,TRUE
"Zone.3..Power.Consumption",2020-08-01 17:21:50,26.44,82.4,4.908,0.048,0.119,2020-08-01,"Aug","Sat",17,"Sat",36612.41379,TRUE
"Zone.3..Power.Consumption",2020-07-11 17:22:40,23.89,70.7,4.912,0.11,0.126,2020-07-11,"Jul","Sat",17,"Sat",36614.56067,TRUE
"Zone.3..Power.Consumption",2020-07-28 17:22:20,27.14,48.22,4.91,0.073,0.119,2020-07-28,"Jul","Tue",17,"Tue",36632.63598,TRUE
"Zone.3..Power.Consumption",2020-08-20 17:20:30,25.63,84,4.921,0.091,0.085,2020-08-20,"Aug","Thu",17,"Thu",36642.50784,TRUE
"Zone.3..Power.Consumption",2020-07-21 17:19:20,36.19,16.87,4.908,123.7,124.2,2020-07-21,"Jul","Tue",17,"Tue",36644.68619,TRUE
"Zone.3..Power.Consumption",2020-07-26 17:23:40,27.73,45.68,4.911,0.077,0.137,2020-07-26,"Jul","Sun",17,"Sun",36644.68619,TRUE
"Zone.3..Power.Consumption",2020-08-18 17:21:40,24.41,78.4,0.065,0.088,0.1,2020-08-18,"Aug","Tue",17,"Tue",36648.52665,TRUE
"Zone.3..Power.Consumption",2020-07-01 17:20:40,27.61,44.5,4.916,3.565,3.053,2020-07-01,"Jul","Wed",17,"Wed",36650.7113,TRUE
"Zone.3..Power.Consumption",2020-07-29 17:22:40,25.25,60.99,4.909,0.095,0.111,2020-07-29,"Jul","Wed",17,"Wed",36662.76151,TRUE
"Zone.3..Power.Consumption",2020-07-27 17:19:00,28.27,62.02,4.909,155.2,149.4,2020-07-27,"Jul","Mon",17,"Mon",36680.83682,TRUE
"Zone.3..Power.Consumption",2020-08-02 17:20:30,26.58,56.6,4.904,1.539,1.308,2020-08-02,"Aug","Sun",17,"Sun",36684.6395,TRUE
"Zone.3..Power.Consumption",2020-08-11 17:21:10,29.95,25.34,4.908,0.106,0.081,2020-08-11,"Aug","Tue",17,"Tue",36684.6395,TRUE
"Zone.3..Power.Consumption",2020-07-21 17:23:10,29.63,26.74,4.907,0.106,0.089,2020-07-21,"Jul","Tue",17,"Tue",36692.88703,TRUE
"Zone.3..Power.Consumption",2020-08-08 17:22:00,26.83,84.7,4.903,0.084,0.17,2020-08-08,"Aug","Sat",17,"Sat",36714.73354,TRUE
"Zone.3..Power.Consumption",2020-08-20 17:19:10,25.92,82.4,4.921,28.75,22.43,2020-08-20,"Aug","Thu",17,"Thu",36720.75235,TRUE
"Zone.3..Power.Consumption",2020-07-08 17:19:40,26.67,68.36,4.906,75.7,72.6,2020-07-08,"Jul","Wed",17,"Wed",36723.01255,TRUE
"Zone.3..Power.Consumption",2020-08-13 17:21:10,21.84,52.32,4.902,0.066,0.115,2020-08-13,"Aug","Thu",17,"Thu",36726.77116,TRUE
"Zone.3..Power.Consumption",2020-07-25 17:23:50,22.98,74.8,4.91,0.11,0.078,2020-07-25,"Jul","Sat",17,"Sat",36729.03766,TRUE
"Zone.3..Power.Consumption",2020-08-14 17:20:30,23.7,50.73,4.907,0.219,0.159,2020-08-14,"Aug","Fri",17,"Fri",36738.80878,TRUE
"Zone.3..Power.Consumption",2020-08-05 17:21:50,25.96,84.9,4.909,0.073,0.163,2020-08-05,"Aug","Wed",17,"Wed",36744.82759,TRUE
"Zone.3..Power.Consumption",2020-07-11 17:22:30,24.02,69.8,4.911,0.091,0.1,2020-07-11,"Jul","Sat",17,"Sat",36747.11297,TRUE
"Zone.3..Power.Consumption",2020-07-14 17:23:00,25.47,80.3,4.912,0.091,0.122,2020-07-14,"Jul","Tue",17,"Tue",36753.13808,TRUE
"Zone.3..Power.Consumption",2020-07-01 17:20:10,28.35,42.86,4.92,33.57,31.09,2020-07-01,"Jul","Wed",17,"Wed",36759.16318,TRUE
"Zone.3..Power.Consumption",2020-08-07 17:22:20,26.82,85,4.914,0.102,0.1,2020-08-07,"Aug","Fri",17,"Fri",36774.92163,TRUE
"Zone.3..Power.Consumption",2020-08-10 17:21:40,29.39,30.54,4.906,0.077,0.085,2020-08-10,"Aug","Mon",17,"Mon",36786.95925,TRUE
"Zone.3..Power.Consumption",2020-08-19 17:21:40,25.08,88.1,4.922,0.077,0.141,2020-08-19,"Aug","Wed",17,"Wed",36798.99687,TRUE
"Zone.3..Power.Consumption",2020-07-25 17:00:00,24.29,47.05,4.905,0.088,0.1,2020-07-25,"Jul","Sat",17,"Sat",36801.33891,TRUE
"Zone.3..Power.Consumption",2020-08-15 17:21:40,23.27,60.19,4.908,0.099,0.07,2020-08-15,"Aug","Sat",17,"Sat",36811.03448,TRUE
"Zone.3..Power.Consumption",2020-07-08 17:21:50,25.45,76.3,4.907,0.077,0.144,2020-07-08,"Jul","Wed",17,"Wed",36813.38912,TRUE
"Zone.3..Power.Consumption",2020-07-01 17:20:30,27.93,43.76,4.918,9.65,8.44,2020-07-01,"Jul","Wed",17,"Wed",36819.41423,TRUE
"Zone.3..Power.Consumption",2020-07-12 17:22:40,24.33,83.3,4.91,0.069,0.148,2020-07-12,"Jul","Sun",17,"Sun",36819.41423,TRUE
"Zone.3..Power.Consumption",2020-08-12 17:19:10,28.98,21.21,4.907,119.3,106.2,2020-08-12,"Aug","Wed",17,"Wed",36823.0721,TRUE
"Zone.3..Power.Consumption",2020-07-28 17:22:10,27.45,47.32,4.911,0.084,0.093,2020-07-28,"Jul","Tue",17,"Tue",36831.46444,TRUE
"Zone.3..Power.Consumption",2020-07-10 17:22:30,28.5,28.91,4.913,0.077,0.1,2020-07-10,"Jul","Fri",17,"Fri",36837.48954,TRUE
"Zone.3..Power.Consumption",2020-07-16 17:23:10,25.82,84.4,4.914,0.059,0.2,2020-07-16,"Jul","Thu",17,"Thu",36843.51464,TRUE
"Zone.3..Power.Consumption",2020-08-14 17:20:20,23.79,49.23,4.907,1.053,0.904,2020-08-14,"Aug","Fri",17,"Fri",36865.20376,TRUE
"Zone.3..Power.Consumption",2020-07-30 17:22:20,23.53,63.52,4.91,0.077,0.115,2020-07-30,"Jul","Thu",17,"Thu",36867.61506,TRUE
"Zone.3..Power.Consumption",2020-08-02 17:19:50,27.64,49.16,4.904,36.4,31.63,2020-08-02,"Aug","Sun",17,"Sun",36877.24138,TRUE
"Zone.3..Power.Consumption",2020-07-15 17:23:20,26.15,82.3,4.914,0.037,0.148,2020-07-15,"Jul","Wed",17,"Wed",36879.66527,TRUE
"Zone.3..Power.Consumption",2020-07-31 17:22:20,25.38,68.69,4.907,0.066,0.1,2020-07-31,"Jul","Fri",17,"Fri",36885.69038,TRUE
"Zone.3..Power.Consumption",2020-08-11 17:21:00,29.95,25.44,4.903,0.077,0.093,2020-08-11,"Aug","Tue",17,"Tue",36895.29781,TRUE
"Zone.3..Power.Consumption",2020-07-22 17:23:40,27.28,30.48,4.912,0.135,0.052,2020-07-22,"Jul","Wed",17,"Wed",36903.76569,TRUE
"Zone.3..Power.Consumption",2020-07-11 17:22:20,24.18,69.43,4.913,0.088,0.085,2020-07-11,"Jul","Sat",17,"Sat",36909.79079,TRUE
"Zone.3..Power.Consumption",2020-07-01 17:20:20,28.07,43.8,4.919,18.99,16.47,2020-07-01,"Jul","Wed",17,"Wed",36921.841,TRUE
"Zone.3..Power.Consumption",2020-07-23 17:23:40,24.63,58.22,4.907,0.095,0.137,2020-07-23,"Jul","Thu",17,"Thu",36933.89121,TRUE
"Zone.3..Power.Consumption",2020-08-04 17:21:30,25.62,82.8,4.903,0.059,0.126,2020-08-04,"Aug","Tue",17,"Tue",36937.42947,TRUE
"Zone.3..Power.Consumption",2020-08-03 17:21:30,27.14,61.59,4.903,0.121,0.074,2020-08-03,"Aug","Mon",17,"Mon",36949.46708,TRUE
"Zone.3..Power.Consumption",2020-08-13 17:19:20,23.86,46.08,4.904,94.8,104.3,2020-08-13,"Aug","Thu",17,"Thu",36967.52351,TRUE
"Zone.3..Power.Consumption",2020-08-17 17:19:10,26.8,52.58,0.066,83.8,89.3,2020-08-17,"Aug","Mon",17,"Mon",36973.54232,TRUE
"Zone.3..Power.Consumption",2020-08-12 17:21:40,25.11,41.01,4.908,0.117,0.07,2020-08-12,"Aug","Wed",17,"Wed",36979.56113,TRUE
"Zone.3..Power.Consumption",2020-07-19 17:19:20,30.84,42.58,4.908,122.5,124.1,2020-07-19,"Jul","Sun",17,"Sun",37000.16736,TRUE
"Zone.3..Power.Consumption",2020-08-02 17:20:20,26.83,54.1,4.905,5.411,4.513,2020-08-02,"Aug","Sun",17,"Sun",37003.63636,TRUE
"Zone.3..Power.Consumption",2020-08-08 17:21:50,26.96,84.4,4.909,0.077,0.126,2020-08-08,"Aug","Sat",17,"Sat",37009.65517,TRUE
"Zone.3..Power.Consumption",2020-08-17 17:21:30,24.38,60.72,0.073,0.11,0.078,2020-08-17,"Aug","Mon",17,"Mon",37009.65517,TRUE
"Zone.3..Power.Consumption",2020-08-20 17:20:20,25.65,84,4.923,0.216,0.17,2020-08-20,"Aug","Thu",17,"Thu",37009.65517,TRUE
"Zone.3..Power.Consumption",2020-07-14 17:19:30,26.44,74.4,4.914,95.4,95,2020-07-14,"Jul","Tue",17,"Tue",37024.26778,TRUE
"Zone.3..Power.Consumption",2020-08-04 17:21:20,25.71,82.2,4.906,0.062,0.119,2020-08-04,"Aug","Tue",17,"Tue",37027.7116,TRUE
"Zone.3..Power.Consumption",2020-08-19 17:21:30,25.12,87.8,4.922,0.084,0.122,2020-08-19,"Aug","Wed",17,"Wed",37033.73041,TRUE
"Zone.3..Power.Consumption",2020-08-14 17:20:10,23.99,49.03,4.907,3.375,2.812,2020-08-14,"Aug","Fri",17,"Fri",37039.74922,TRUE
"Zone.3..Power.Consumption",2020-07-18 17:23:10,26.85,41.65,4.917,0.077,0.107,2020-07-18,"Jul","Sat",17,"Sat",37042.3431,TRUE
"Zone.3..Power.Consumption",2020-07-20 17:23:10,26.44,55.05,0.081,0.088,0.13,2020-07-20,"Jul","Mon",17,"Mon",37048.3682,TRUE
"Zone.3..Power.Consumption",2020-08-01 17:19:30,27.87,75.6,4.904,66.95,58.33,2020-08-01,"Aug","Sat",17,"Sat",37057.80564,TRUE
"Zone.3..Power.Consumption",2020-08-16 17:21:40,23.02,62.05,0.068,0.088,0.059,2020-08-16,"Aug","Sun",17,"Sun",37057.80564,TRUE
"Zone.3..Power.Consumption",2020-07-09 17:22:20,25.38,53.66,4.917,0.121,0.093,2020-07-09,"Jul","Thu",17,"Thu",37060.41841,TRUE
"Zone.3..Power.Consumption",2020-07-29 17:22:30,25.34,60.42,4.909,0.113,0.093,2020-07-29,"Jul","Wed",17,"Wed",37066.44351,TRUE
"Zone.3..Power.Consumption",2020-07-27 17:23:50,25.51,79.7,4.907,0.113,0.107,2020-07-27,"Jul","Mon",17,"Mon",37072.46862,TRUE
"Zone.3..Power.Consumption",2020-08-11 17:20:50,30.09,25.14,4.907,0.084,0.096,2020-08-11,"Aug","Tue",17,"Tue",37075.86207,TRUE
"Zone.3..Power.Consumption",2020-08-18 17:21:30,24.52,77.4,0.064,0.106,0.081,2020-08-18,"Aug","Tue",17,"Tue",37081.88088,TRUE
"Zone.3..Power.Consumption",2020-07-30 17:19:20,26.4,55.99,4.911,119,130,2020-07-30,"Jul","Thu",17,"Thu",37090.54393,TRUE
"Zone.3..Power.Consumption",2020-08-02 17:20:10,27.05,52.33,4.903,12.25,10.35,2020-08-02,"Aug","Sun",17,"Sun",37111.97492,TRUE
"Zone.3..Power.Consumption",2020-07-10 17:22:20,28.8,28.01,4.912,0.062,0.167,2020-07-10,"Jul","Fri",17,"Fri",37120.66946,TRUE
"Zone.3..Power.Consumption",2020-08-07 17:22:10,26.88,84.7,4.91,0.08,0.137,2020-08-07,"Aug","Fri",17,"Fri",37124.01254,TRUE
"Zone.3..Power.Consumption",2020-08-08 17:21:40,26.96,83.9,4.905,0.084,0.156,2020-08-08,"Aug","Sat",17,"Sat",37124.01254,TRUE
"Zone.3..Power.Consumption",2020-07-08 17:21:30,25.38,77.2,4.905,0.069,0.093,2020-07-08,"Jul","Wed",17,"Wed",37132.71967,TRUE
"Zone.3..Power.Consumption",2020-08-20 17:20:10,25.68,83.8,4.922,0.877,0.652,2020-08-20,"Aug","Thu",17,"Thu",37142.06897,TRUE
"Zone.3..Power.Consumption",2020-08-17 17:21:20,24.51,60.62,0.071,0.08,0.111,2020-08-17,"Aug","Mon",17,"Mon",37148.08777,TRUE
"Zone.3..Power.Consumption",2020-07-08 17:21:40,25.48,76.2,4.903,0.117,0.074,2020-07-08,"Jul","Wed",17,"Wed",37150.79498,TRUE
"Zone.3..Power.Consumption",2020-07-20 17:19:20,31.59,39.91,0.067,62.76,55.07,2020-07-20,"Jul","Mon",17,"Mon",37162.84519,TRUE
"Zone.3..Power.Consumption",2020-08-15 17:19:10,26.45,45.12,4.905,103.1,119.2,2020-08-15,"Aug","Sat",17,"Sat",37172.16301,TRUE
"Zone.3..Power.Consumption",2020-07-29 17:22:20,25.29,60.29,4.909,0.091,0.1,2020-07-29,"Jul","Wed",17,"Wed",37174.8954,TRUE
"Zone.3..Power.Consumption",2020-08-15 17:21:30,23.42,60.12,4.906,0.099,0.093,2020-08-15,"Aug","Sat",17,"Sat",37178.18182,TRUE
"Zone.3..Power.Consumption",2020-07-12 17:22:30,24.47,83.1,4.911,0.073,0.156,2020-07-12,"Jul","Sun",17,"Sun",37180.9205,TRUE
"Zone.3..Power.Consumption",2020-08-03 17:21:20,27.48,60.32,4.908,0.11,0.063,2020-08-03,"Aug","Mon",17,"Mon",37184.20063,TRUE
"Zone.3..Power.Consumption",2020-07-21 17:23:00,30.13,26.31,4.903,0.099,0.111,2020-07-21,"Jul","Tue",17,"Tue",37186.94561,TRUE
"Zone.3..Power.Consumption",2020-08-01 17:21:40,26.48,82.3,4.904,0.073,0.107,2020-08-01,"Aug","Sat",17,"Sat",37190.21944,TRUE
"Zone.3..Power.Consumption",2020-07-16 17:23:00,25.86,84.8,4.916,0.069,0.133,2020-07-16,"Jul","Thu",17,"Thu",37198.99582,TRUE
"Zone.3..Power.Consumption",2020-08-02 17:20:00,27.37,49.86,4.904,22.52,19.26,2020-08-02,"Aug","Sun",17,"Sun",37214.29467,TRUE
"Zone.3..Power.Consumption",2020-07-28 17:22:00,27.72,46.12,4.903,0.091,0.093,2020-07-28,"Jul","Tue",17,"Tue",37217.07113,TRUE
"Zone.3..Power.Consumption",2020-08-16 17:21:30,23.15,61.58,0.072,0.088,0.137,2020-08-16,"Aug","Sun",17,"Sun",37220.31348,TRUE
"Zone.3..Power.Consumption",2020-08-11 17:20:40,30.43,23.34,4.909,0.088,0.085,2020-08-11,"Aug","Tue",17,"Tue",37226.33229,TRUE
"Zone.3..Power.Consumption",2020-08-05 17:21:40,25.94,85,4.907,0.059,0.17,2020-08-05,"Aug","Wed",17,"Wed",37232.3511,TRUE
"Zone.3..Power.Consumption",2020-08-03 17:21:10,27.88,58.42,4.906,0.106,0.078,2020-08-03,"Aug","Mon",17,"Mon",37268.46395,TRUE
"Zone.3..Power.Consumption",2020-08-06 17:21:30,28.59,73.1,4.904,0.066,0.119,2020-08-06,"Aug","Thu",17,"Thu",37268.46395,TRUE
"Zone.3..Power.Consumption",2020-08-11 17:19:30,32.94,14.5,4.904,46.77,40.85,2020-08-11,"Aug","Tue",17,"Tue",37268.46395,TRUE
"Zone.3..Power.Consumption",2020-07-09 17:22:10,25.7,51.36,4.913,0.069,0.082,2020-07-09,"Jul","Thu",17,"Thu",37271.29707,TRUE
"Zone.3..Power.Consumption",2020-07-25 17:23:40,23.1,74.8,4.909,0.066,0.148,2020-07-25,"Jul","Sat",17,"Sat",37271.29707,TRUE
"Zone.3..Power.Consumption",2020-08-04 17:21:10,25.85,81.5,4.904,0.084,0.082,2020-08-04,"Aug","Tue",17,"Tue",37286.52038,TRUE
"Zone.3..Power.Consumption",2020-08-13 17:21:00,22.02,51.58,4.902,0.08,0.078,2020-08-13,"Aug","Thu",17,"Thu",37286.52038,TRUE
"Zone.3..Power.Consumption",2020-08-06 17:21:40,28.11,73.9,4.904,0.113,0.07,2020-08-06,"Aug","Thu",17,"Thu",37292.53918,TRUE
"Zone.3..Power.Consumption",2020-07-14 17:22:50,25.47,80.2,4.916,0.084,0.137,2020-07-14,"Jul","Tue",17,"Tue",37301.42259,TRUE
"Zone.3..Power.Consumption",2020-07-15 17:23:10,26.21,82,4.915,0.062,0.163,2020-07-15,"Jul","Wed",17,"Wed",37301.42259,TRUE
"Zone.3..Power.Consumption",2020-08-10 17:21:30,29.49,30.54,4.905,0.073,0.07,2020-08-10,"Aug","Mon",17,"Mon",37304.5768,TRUE
"Zone.3..Power.Consumption",2020-07-08 17:21:20,25.3,78.2,4.906,0.073,0.144,2020-07-08,"Jul","Wed",17,"Wed",37307.4477,TRUE
"Zone.3..Power.Consumption",2020-07-19 17:23:10,27.28,58.65,4.915,0.102,0.078,2020-07-19,"Jul","Sun",17,"Sun",37313.4728,TRUE
"Zone.3..Power.Consumption",2020-07-10 17:19:40,33.46,23.88,4.917,91.3,95.2,2020-07-10,"Jul","Fri",17,"Fri",37325.52301,TRUE
"Zone.3..Power.Consumption",2020-08-17 17:21:10,24.52,60.55,0.072,0.073,0.1,2020-08-17,"Aug","Mon",17,"Mon",37328.65204,TRUE
"Zone.3..Power.Consumption",2020-07-26 17:23:30,27.89,45.82,4.911,0.091,0.119,2020-07-26,"Jul","Sun",17,"Sun",37331.54812,TRUE
"Zone.3..Power.Consumption",2020-08-12 17:21:30,25.27,39.35,4.905,0.084,0.089,2020-08-12,"Aug","Wed",17,"Wed",37334.67085,TRUE
"Zone.3..Power.Consumption",2020-07-17 17:23:00,27.12,45.19,4.916,0.11,0.089,2020-07-17,"Jul","Fri",17,"Fri",37355.64854,TRUE
"Zone.3..Power.Consumption",2020-07-09 17:22:00,25.96,49.39,4.91,0.106,0.059,2020-07-09,"Jul","Thu",17,"Thu",37367.69874,TRUE
"Zone.3..Power.Consumption",2020-07-13 17:22:40,24.95,85.3,4.911,0.08,0.152,2020-07-13,"Jul","Mon",17,"Mon",37367.69874,TRUE
"Zone.3..Power.Consumption",2020-07-31 17:22:10,25.4,69,4.905,0.102,0.07,2020-07-31,"Jul","Fri",17,"Fri",37373.72385,TRUE
"Zone.3..Power.Consumption",2020-07-28 17:19:30,31.46,39.08,4.907,77.9,73.4,2020-07-28,"Jul","Tue",17,"Tue",37379.74895,TRUE
"Zone.3..Power.Consumption",2020-08-11 17:20:30,30.8,21.47,4.907,0.143,0.126,2020-08-11,"Aug","Tue",17,"Tue",37382.82132,TRUE
"Zone.3..Power.Consumption",2020-08-13 17:20:30,22.53,51.12,4.906,0.23,0.178,2020-08-13,"Aug","Thu",17,"Thu",37382.82132,TRUE
"Zone.3..Power.Consumption",2020-07-29 17:22:10,25.32,60.12,4.908,0.113,0.067,2020-07-29,"Jul","Wed",17,"Wed",37385.77406,TRUE
"Zone.3..Power.Consumption",2020-07-30 17:22:10,23.58,63.26,4.908,0.084,0.093,2020-07-30,"Jul","Thu",17,"Thu",37385.77406,TRUE
"Zone.3..Power.Consumption",2020-08-18 17:21:20,24.73,75.2,0.066,0.095,0.085,2020-08-18,"Aug","Tue",17,"Tue",37388.84013,TRUE
"Zone.3..Power.Consumption",2020-07-09 17:19:40,30.3,33.02,4.912,85.4,91.7,2020-07-09,"Jul","Thu",17,"Thu",37397.82427,TRUE
"Zone.3..Power.Consumption",2020-08-20 17:20:00,25.74,83.5,4.922,3.001,2.271,2020-08-20,"Aug","Thu",17,"Thu",37400.87774,TRUE
"Zone.3..Power.Consumption",2020-07-10 17:22:10,29.11,26.48,4.916,0.088,0.122,2020-07-10,"Jul","Fri",17,"Fri",37433.9749,TRUE
"Zone.3..Power.Consumption",2020-08-12 17:21:20,25.4,38.71,4.909,0.088,0.104,2020-08-12,"Aug","Wed",17,"Wed",37443.0094,TRUE
"Zone.3..Power.Consumption",2020-07-22 17:23:30,27.33,30.74,4.91,0.099,0.111,2020-07-22,"Jul","Wed",17,"Wed",37446.0251,TRUE
"Zone.3..Power.Consumption",2020-08-13 17:20:50,22.23,50.82,4.906,0.091,0.096,2020-08-13,"Aug","Thu",17,"Thu",37449.02821,TRUE
"Zone.3..Power.Consumption",2020-08-14 17:20:00,24.15,44.29,4.906,7.2,6.106,2020-08-14,"Aug","Fri",17,"Fri",37479.12226,TRUE
"Zone.3..Power.Consumption",2020-08-13 17:20:40,22.4,50.82,4.906,0.084,0.126,2020-08-13,"Aug","Thu",17,"Thu",37491.15987,TRUE
"Zone.3..Power.Consumption",2020-08-10 17:21:20,29.71,30.24,4.909,0.099,0.074,2020-08-10,"Aug","Mon",17,"Mon",37503.19749,TRUE
"Zone.3..Power.Consumption",2020-07-08 17:21:10,25.15,78.7,4.904,0.11,0.07,2020-07-08,"Jul","Wed",17,"Wed",37536.40167,TRUE
"Zone.3..Power.Consumption",2020-07-28 17:21:50,28,44.75,4.91,0.099,0.074,2020-07-28,"Jul","Tue",17,"Tue",37536.40167,TRUE
"Zone.3..Power.Consumption",2020-07-26 17:19:10,36.49,20.61,4.908,149.3,153.7,2020-07-26,"Jul","Sun",17,"Sun",37548.45188,TRUE
"Zone.3..Power.Consumption",2020-08-15 17:21:20,23.49,60.19,4.911,0.077,0.111,2020-08-15,"Aug","Sat",17,"Sat",37551.34796,TRUE
"Zone.3..Power.Consumption",2020-08-20 17:19:50,25.71,83.5,4.925,7.2,5.879,2020-08-20,"Aug","Thu",17,"Thu",37551.34796,TRUE
"Zone.3..Power.Consumption",2020-08-07 17:22:00,26.96,84.1,4.905,0.073,0.17,2020-08-07,"Aug","Fri",17,"Fri",37557.36677,TRUE
"Zone.3..Power.Consumption",2020-08-20 17:19:20,25.89,82.5,4.921,15.65,12.56,2020-08-20,"Aug","Thu",17,"Thu",37557.36677,TRUE
"Zone.3..Power.Consumption",2020-07-31 17:19:20,27.14,56.89,4.903,107.9,112.2,2020-07-31,"Jul","Fri",17,"Fri",37566.5272,TRUE
"Zone.3..Power.Consumption",2020-08-19 17:21:20,25.2,87.3,4.923,0.08,0.122,2020-08-19,"Aug","Wed",17,"Wed",37569.40439,TRUE
"Zone.3..Power.Consumption",2020-07-25 17:19:10,28.51,48.15,4.908,150.1,159.5,2020-07-25,"Jul","Sat",17,"Sat",37578.57741,TRUE
"Zone.3..Power.Consumption",2020-08-01 17:21:30,26.56,81.9,4.904,0.088,0.096,2020-08-01,"Aug","Sat",17,"Sat",37581.44201,TRUE
"Zone.3..Power.Consumption",2020-08-04 17:19:30,26.36,77.9,4.902,59.86,45.76,2020-08-04,"Aug","Tue",17,"Tue",37587.46082,TRUE
"Zone.3..Power.Consumption",2020-07-11 17:22:10,24.72,69.36,4.909,0.084,0.115,2020-07-11,"Jul","Sat",17,"Sat",37590.62762,TRUE
"Zone.3..Power.Consumption",2020-08-13 17:20:20,22.61,51.02,4.904,2.124,1.634,2020-08-13,"Aug","Thu",17,"Thu",37605.51724,TRUE
"Zone.3..Power.Consumption",2020-07-23 17:23:30,24.67,58.02,4.905,0.102,0.137,2020-07-23,"Jul","Thu",17,"Thu",37608.70293,TRUE
"Zone.3..Power.Consumption",2020-08-10 17:19:20,32.53,27.61,4.904,50.11,39.85,2020-08-10,"Aug","Mon",17,"Mon",37611.53605,TRUE
"Zone.3..Power.Consumption",2020-08-03 17:20:50,28.77,54.62,4.908,0.099,0.085,2020-08-03,"Aug","Mon",17,"Mon",37617.55486,TRUE
"Zone.3..Power.Consumption",2020-08-03 17:21:00,28.16,56.52,4.903,0.088,0.107,2020-08-03,"Aug","Mon",17,"Mon",37617.55486,TRUE
"Zone.3..Power.Consumption",2020-08-14 17:19:30,24.86,39.62,4.907,61.85,69.1,2020-08-14,"Aug","Fri",17,"Fri",37623.57367,TRUE
"Zone.3..Power.Consumption",2020-08-11 17:20:20,31.01,19.21,4.908,0.523,0.411,2020-08-11,"Aug","Tue",17,"Tue",37629.59248,TRUE
"Zone.3..Power.Consumption",2020-07-12 17:22:20,24.61,82.8,4.909,0.084,0.133,2020-07-12,"Jul","Sun",17,"Sun",37632.80335,TRUE
"Zone.3..Power.Consumption",2020-08-13 17:19:30,23.64,46.32,4.903,75.6,86.4,2020-08-13,"Aug","Thu",17,"Thu",37635.61129,TRUE
"Zone.3..Power.Consumption",2020-07-24 17:23:50,24.38,47.65,4.911,0.11,0.085,2020-07-24,"Jul","Fri",17,"Fri",37656.90377,TRUE
"Zone.3..Power.Consumption",2020-08-04 17:21:00,26.04,80.5,4.902,0.059,0.126,2020-08-04,"Aug","Tue",17,"Tue",37659.68652,TRUE
"Zone.3..Power.Consumption",2020-08-05 17:21:30,25.94,84.9,4.908,0.102,0.148,2020-08-05,"Aug","Wed",17,"Wed",37665.70533,TRUE
"Zone.3..Power.Consumption",2020-08-16 17:21:20,23.3,60.98,0.072,0.091,0.115,2020-08-16,"Aug","Sun",17,"Sun",37683.76176,TRUE
"Zone.3..Power.Consumption",2020-08-06 17:21:20,28.62,74.7,4.906,0.091,0.115,2020-08-06,"Aug","Thu",17,"Thu",37701.81818,TRUE
"Zone.3..Power.Consumption",2020-08-10 17:21:10,29.81,29.74,4.906,0.066,0.137,2020-08-10,"Aug","Mon",17,"Mon",37701.81818,TRUE
"Zone.3..Power.Consumption",2020-08-17 17:21:00,24.55,60.55,0.072,0.069,0.096,2020-08-17,"Aug","Mon",17,"Mon",37701.81818,TRUE
"Zone.3..Power.Consumption",2020-08-01 17:21:20,26.61,81.5,4.909,0.066,0.089,2020-08-01,"Aug","Sat",17,"Sat",37707.83699,TRUE
"Zone.3..Power.Consumption",2020-07-27 17:23:40,25.48,79.8,4.907,0.088,0.096,2020-07-27,"Jul","Mon",17,"Mon",37717.15481,TRUE
"Zone.3..Power.Consumption",2020-08-20 17:19:30,25.83,82.9,4.926,15.8,12.59,2020-08-20,"Aug","Thu",17,"Thu",37719.87461,TRUE
"Zone.3..Power.Consumption",2020-07-08 17:21:00,25.05,79,4.903,0.168,0.163,2020-07-08,"Jul","Wed",17,"Wed",37735.23013,TRUE
"Zone.3..Power.Consumption",2020-07-20 17:23:00,26.65,55.52,0.078,0.091,0.133,2020-07-20,"Jul","Mon",17,"Mon",37741.25523,TRUE
"Zone.3..Power.Consumption",2020-07-16 17:22:50,25.84,85.1,4.922,0.059,0.126,2020-07-16,"Jul","Thu",17,"Thu",37765.35565,TRUE
"Zone.3..Power.Consumption",2020-07-21 17:22:50,30.5,25.11,4.914,0.106,0.104,2020-07-21,"Jul","Tue",17,"Tue",37771.38075,TRUE
"Zone.3..Power.Consumption",2020-07-31 17:22:00,25.44,70.1,4.903,0.102,0.07,2020-07-31,"Jul","Fri",17,"Fri",37771.38075,TRUE
"Zone.3..Power.Consumption",2020-08-11 17:20:10,31.27,18.04,4.906,1.751,1.445,2020-08-11,"Aug","Tue",17,"Tue",37774.04389,TRUE
"Zone.3..Power.Consumption",2020-07-19 17:23:00,25.49,59.65,4.915,0.102,0.137,2020-07-19,"Jul","Sun",17,"Sun",37777.40586,TRUE
"Zone.3..Power.Consumption",2020-08-20 17:19:40,25.77,83.3,4.92,13.52,11.44,2020-08-20,"Aug","Thu",17,"Thu",37792.10031,TRUE
"Zone.3..Power.Consumption",2020-07-10 17:22:00,29.17,25.71,4.916,0.091,0.082,2020-07-10,"Jul","Fri",17,"Fri",37795.48117,TRUE
"Zone.3..Power.Consumption",2020-08-03 17:19:40,30.13,45.62,4.904,47.63,44.19,2020-08-03,"Aug","Mon",17,"Mon",37798.11912,TRUE
"Zone.3..Power.Consumption",2020-08-10 17:20:50,30.26,29.31,4.91,0.077,0.085,2020-08-10,"Aug","Mon",17,"Mon",37798.11912,TRUE
"Zone.3..Power.Consumption",2020-08-01 17:21:10,26.63,81.3,4.905,0.044,0.133,2020-08-01,"Aug","Sat",17,"Sat",37804.13793,TRUE
"Zone.3..Power.Consumption",2020-08-08 17:21:30,26.91,83.6,4.907,0.091,0.089,2020-08-08,"Aug","Sat",17,"Sat",37810.15674,TRUE
"Zone.3..Power.Consumption",2020-07-18 17:19:20,32.73,27.78,4.924,134.6,143.2,2020-07-18,"Jul","Sat",17,"Sat",37813.55649,TRUE
"Zone.3..Power.Consumption",2020-08-11 17:20:00,31.64,17.07,4.905,4.587,3.696,2020-08-11,"Aug","Tue",17,"Tue",37816.17555,TRUE
"Zone.3..Power.Consumption",2020-08-09 17:19:20,30.02,65.29,4.904,49.28,44.62,2020-08-09,"Aug","Sun",17,"Sun",37822.19436,TRUE
"Zone.3..Power.Consumption",2020-08-06 17:21:10,28.28,76.4,4.905,0.102,0.085,2020-08-06,"Aug","Thu",17,"Thu",37828.21317,TRUE
"Zone.3..Power.Consumption",2020-07-15 17:23:00,26.28,81.9,4.909,0.059,0.133,2020-07-15,"Jul","Wed",17,"Wed",37831.6318,TRUE
"Zone.3..Power.Consumption",2020-08-18 17:19:10,26.76,58.88,0.067,90.2,100.6,2020-08-18,"Aug","Tue",17,"Tue",37834.23197,TRUE
"Zone.3..Power.Consumption",2020-07-09 17:21:50,26.25,46.76,4.917,0.073,0.104,2020-07-09,"Jul","Thu",17,"Thu",37837.6569,TRUE
"Zone.3..Power.Consumption",2020-07-08 17:19:50,26.59,68.59,4.906,55.63,52.25,2020-07-08,"Jul","Wed",17,"Wed",37849.70711,TRUE
"Zone.3..Power.Consumption",2020-07-28 17:21:40,28.14,44.61,4.91,0.084,0.074,2020-07-28,"Jul","Tue",17,"Tue",37867.78243,TRUE
"Zone.3..Power.Consumption",2020-07-18 17:23:00,27.08,40.81,4.912,0.084,0.159,2020-07-18,"Jul","Sat",17,"Sat",37873.80753,TRUE
"Zone.3..Power.Consumption",2020-07-08 17:20:50,25.14,79.1,4.904,0.717,0.559,2020-07-08,"Jul","Wed",17,"Wed",37879.83264,TRUE
"Zone.3..Power.Consumption",2020-07-13 17:22:30,25,84.9,4.908,0.073,0.137,2020-07-13,"Jul","Mon",17,"Mon",37897.90795,TRUE
"Zone.3..Power.Consumption",2020-08-12 17:21:10,25.53,38.18,4.906,0.099,0.085,2020-08-12,"Aug","Wed",17,"Wed",37900.43887,TRUE
"Zone.3..Power.Consumption",2020-08-14 17:19:50,24.36,42.86,4.903,26.26,28.88,2020-08-14,"Aug","Fri",17,"Fri",37918.4953,TRUE
"Zone.3..Power.Consumption",2020-08-07 17:21:50,26.99,83.7,4.909,0.095,0.126,2020-08-07,"Aug","Fri",17,"Fri",37924.51411,TRUE
"Zone.3..Power.Consumption",2020-08-10 17:21:00,29.99,29.74,4.903,0.124,0.096,2020-08-10,"Aug","Mon",17,"Mon",37930.53292,TRUE
"Zone.3..Power.Consumption",2020-08-14 17:19:40,24.62,41.89,4.905,44.99,52.03,2020-08-14,"Aug","Fri",17,"Fri",37930.53292,TRUE
"Zone.3..Power.Consumption",2020-07-22 17:23:20,26.71,32.98,4.909,0.11,0.133,2020-07-22,"Jul","Wed",17,"Wed",37934.05858,TRUE
"Zone.3..Power.Consumption",2020-07-25 17:23:30,23.1,73.8,4.908,0.084,0.141,2020-07-25,"Jul","Sat",17,"Sat",37934.05858,TRUE
"Zone.3..Power.Consumption",2020-08-15 17:21:10,23.73,59.55,4.908,0.106,0.093,2020-08-15,"Aug","Sat",17,"Sat",37936.55172,TRUE
"Zone.3..Power.Consumption",2020-08-17 17:20:50,24.94,59.12,0.072,0.084,0.074,2020-08-17,"Aug","Mon",17,"Mon",37942.57053,TRUE
"Zone.3..Power.Consumption",2020-08-16 17:19:10,25.88,54.72,4.907,100.8,115.9,2020-08-16,"Aug","Sun",17,"Sun",37948.58934,TRUE
"Zone.3..Power.Consumption",2020-07-26 17:23:20,28.15,44.91,4.908,0.099,0.126,2020-07-26,"Jul","Sun",17,"Sun",37952.13389,TRUE
"Zone.3..Power.Consumption",2020-08-03 17:20:40,29.05,50.88,4.907,0.241,0.167,2020-08-03,"Aug","Mon",17,"Mon",37960.62696,TRUE
"Zone.3..Power.Consumption",2020-08-04 17:20:50,26.11,79.6,4.91,0.073,0.13,2020-08-04,"Aug","Tue",17,"Tue",37966.64577,TRUE
"Zone.3..Power.Consumption",2020-08-13 17:20:10,22.81,50.28,4.902,4.325,3.586,2020-08-13,"Aug","Thu",17,"Thu",38008.77743,TRUE
"Zone.3..Power.Consumption",2020-08-19 17:19:10,25.71,83.6,4.921,86.1,66.49,2020-08-19,"Aug","Wed",17,"Wed",38008.77743,TRUE
"Zone.3..Power.Consumption",2020-08-01 17:21:00,26.71,81.1,4.904,0.084,0.089,2020-08-01,"Aug","Sat",17,"Sat",38014.79624,TRUE
"Zone.3..Power.Consumption",2020-07-13 17:22:10,25.22,83.8,4.906,0.091,0.13,2020-07-13,"Jul","Mon",17,"Mon",38030.46025,TRUE
"Zone.3..Power.Consumption",2020-07-12 17:22:10,24.93,82.1,4.909,0.08,0.122,2020-07-12,"Jul","Sun",17,"Sun",38042.51046,TRUE
"Zone.3..Power.Consumption",2020-08-18 17:21:10,24.91,72.7,0.066,0.095,0.115,2020-08-18,"Aug","Tue",17,"Tue",38068.96552,TRUE
"Zone.3..Power.Consumption",2020-07-09 17:21:40,26.48,44.69,4.916,0.095,0.078,2020-07-09,"Jul","Thu",17,"Thu",38084.68619,TRUE
"Zone.3..Power.Consumption",2020-08-13 17:19:40,23.46,46.78,4.903,53.43,61.6,2020-08-13,"Aug","Thu",17,"Thu",38087.02194,TRUE
"Zone.3..Power.Consumption",2020-08-15 17:21:00,23.95,58.59,4.907,0.121,0.067,2020-08-15,"Aug","Sat",17,"Sat",38105.07837,TRUE
"Zone.3..Power.Consumption",2020-07-10 17:21:50,29.5,25.34,4.914,0.088,0.104,2020-07-10,"Jul","Fri",17,"Fri",38108.78661,TRUE
"Zone.3..Power.Consumption",2020-07-12 17:22:00,25.38,81.5,4.903,0.069,0.137,2020-07-12,"Jul","Sun",17,"Sun",38108.78661,TRUE
"Zone.3..Power.Consumption",2020-07-17 17:22:50,27.18,45.15,4.924,0.128,0.07,2020-07-17,"Jul","Fri",17,"Fri",38108.78661,TRUE
"Zone.3..Power.Consumption",2020-07-08 17:20:40,25.34,78.1,4.907,2.293,1.823,2020-07-08,"Jul","Wed",17,"Wed",38120.83682,TRUE
"Zone.3..Power.Consumption",2020-07-23 17:23:20,24.8,57.72,4.906,0.077,0.119,2020-07-23,"Jul","Thu",17,"Thu",38120.83682,TRUE
"Zone.3..Power.Consumption",2020-07-14 17:22:40,25.45,80,4.915,0.059,0.115,2020-07-14,"Jul","Tue",17,"Tue",38132.88703,TRUE
"Zone.3..Power.Consumption",2020-08-11 17:19:40,32.49,15.54,4.905,23.99,19.69,2020-08-11,"Aug","Tue",17,"Tue",38135.17241,TRUE
"Zone.3..Power.Consumption",2020-08-11 17:19:50,32.07,16.91,4.904,10.3,8.22,2020-08-11,"Aug","Tue",17,"Tue",38135.17241,TRUE
"Zone.3..Power.Consumption",2020-08-13 17:20:00,23.03,49.22,4.902,8.84,7.66,2020-08-13,"Aug","Thu",17,"Thu",38141.19122,TRUE
"Zone.3..Power.Consumption",2020-08-19 17:21:10,25.29,86.8,4.92,0.088,0.111,2020-08-19,"Aug","Wed",17,"Wed",38153.22884,TRUE
"Zone.3..Power.Consumption",2020-08-03 17:19:50,29.91,45.82,4.903,31.61,28.41,2020-08-03,"Aug","Mon",17,"Mon",38159.24765,TRUE
"Zone.3..Power.Consumption",2020-07-27 17:23:30,25.52,79.7,4.903,0.11,0.093,2020-07-27,"Jul","Mon",17,"Mon",38163.01255,TRUE
"Zone.3..Power.Consumption",2020-08-16 17:21:10,23.48,60.15,0.074,0.066,0.133,2020-08-16,"Aug","Sun",17,"Sun",38165.26646,TRUE
"Zone.3..Power.Consumption",2020-07-30 17:22:00,23.63,63.82,4.905,0.077,0.122,2020-07-30,"Jul","Thu",17,"Thu",38175.06276,TRUE
"Zone.3..Power.Consumption",2020-08-10 17:20:40,30.48,29.94,4.907,0.062,0.074,2020-08-10,"Aug","Mon",17,"Mon",38177.30408,TRUE
"Zone.3..Power.Consumption",2020-08-04 17:20:40,26.21,78.9,4.907,0.11,0.144,2020-08-04,"Aug","Tue",17,"Tue",38183.32288,TRUE
"Zone.3..Power.Consumption",2020-08-01 17:20:50,26.67,81.2,4.906,0.095,0.089,2020-08-01,"Aug","Sat",17,"Sat",38195.3605,TRUE
"Zone.3..Power.Consumption",2020-07-11 17:22:00,25.42,69.06,4.911,0.139,0.059,2020-07-11,"Jul","Sat",17,"Sat",38199.16318,TRUE
"Zone.3..Power.Consumption",2020-07-27 17:19:10,28.19,61.82,4.908,147.3,135.4,2020-07-27,"Jul","Mon",17,"Mon",38199.16318,TRUE
"Zone.3..Power.Consumption",2020-08-01 17:19:40,27.48,77.5,4.904,48.37,41.16,2020-08-01,"Aug","Sat",17,"Sat",38219.43574,TRUE
"Zone.3..Power.Consumption",2020-07-11 17:19:40,27.62,58.46,4.91,84,86.4,2020-07-11,"Jul","Sat",17,"Sat",38223.2636,TRUE
"Zone.3..Power.Consumption",2020-08-06 17:21:00,27.89,77,4.9,0.135,0.081,2020-08-06,"Aug","Thu",17,"Thu",38225.45455,TRUE
"Zone.3..Power.Consumption",2020-07-28 17:21:30,28.26,43.91,4.911,0.113,0.067,2020-07-28,"Jul","Tue",17,"Tue",38229.2887,TRUE
"Zone.3..Power.Consumption",2020-07-13 17:22:20,25.1,84.4,4.91,0.091,0.115,2020-07-13,"Jul","Mon",17,"Mon",38235.31381,TRUE
"Zone.3..Power.Consumption",2020-07-31 17:21:50,25.35,71.8,4.906,0.113,0.078,2020-07-31,"Jul","Fri",17,"Fri",38235.31381,TRUE
"Zone.3..Power.Consumption",2020-08-07 17:21:40,27.04,83.3,4.907,0.102,0.107,2020-08-07,"Aug","Fri",17,"Fri",38243.51097,TRUE
"Zone.3..Power.Consumption",2020-07-29 17:22:00,25.4,60.09,4.907,0.091,0.096,2020-07-29,"Jul","Wed",17,"Wed",38265.43933,TRUE
"Zone.3..Power.Consumption",2020-08-07 17:19:20,27.71,73.6,4.904,87.1,74,2020-08-07,"Aug","Fri",17,"Fri",38285.64263,TRUE
"Zone.3..Power.Consumption",2020-08-10 17:20:30,30.69,29.98,4.907,0.113,0.133,2020-08-10,"Aug","Mon",17,"Mon",38285.64263,TRUE
"Zone.3..Power.Consumption",2020-07-15 17:22:50,26.28,82.1,4.915,0.051,0.137,2020-07-15,"Jul","Wed",17,"Wed",38289.53975,TRUE
"Zone.3..Power.Consumption",2020-08-03 17:20:30,29.16,50.12,4.905,1.024,0.926,2020-08-03,"Aug","Mon",17,"Mon",38297.68025,TRUE
"Zone.3..Power.Consumption",2020-08-04 17:19:40,26.45,77.8,4.902,37.69,30.34,2020-08-04,"Aug","Tue",17,"Tue",38321.75549,TRUE
"Zone.3..Power.Consumption",2020-08-04 17:20:30,26.37,77.8,4.904,0.57,0.485,2020-08-04,"Aug","Tue",17,"Tue",38351.84953,TRUE
"Zone.3..Power.Consumption",2020-08-05 17:21:20,25.93,85,4.91,0.08,0.115,2020-08-05,"Aug","Wed",17,"Wed",38357.86834,TRUE
"Zone.3..Power.Consumption",2020-08-13 17:19:50,23.31,47.58,4.903,30.33,34.47,2020-08-13,"Aug","Thu",17,"Thu",38363.88715,TRUE
"Zone.3..Power.Consumption",2020-07-16 17:22:40,25.86,85.4,4.919,0.095,0.163,2020-07-16,"Jul","Thu",17,"Thu",38367.86611,TRUE
"Zone.3..Power.Consumption",2020-07-21 17:22:40,30.37,25.51,4.911,0.113,0.115,2020-07-21,"Jul","Tue",17,"Tue",38367.86611,TRUE
"Zone.3..Power.Consumption",2020-07-09 17:21:30,26.82,42.59,4.911,0.121,0.096,2020-07-09,"Jul","Thu",17,"Thu",38379.91632,TRUE
"Zone.3..Power.Consumption",2020-08-03 17:20:00,29.66,46.88,4.905,18.37,16.07,2020-08-03,"Aug","Mon",17,"Mon",38381.94357,TRUE
"Zone.3..Power.Consumption",2020-07-12 17:21:50,25.53,81,4.909,0.062,0.204,2020-07-12,"Jul","Sun",17,"Sun",38391.96653,TRUE
"Zone.3..Power.Consumption",2020-08-12 17:21:00,25.91,36.48,4.904,0.099,0.063,2020-08-12,"Aug","Wed",17,"Wed",38393.98119,TRUE
"Zone.3..Power.Consumption",2020-08-17 17:20:40,25.06,58.75,0.074,0.091,0.119,2020-08-17,"Aug","Mon",17,"Mon",38400,TRUE
"Zone.3..Power.Consumption",2020-08-08 17:21:20,26.94,83.3,4.909,0.08,0.133,2020-08-08,"Aug","Sat",17,"Sat",38412.03762,TRUE
"Zone.3..Power.Consumption",2020-08-01 17:20:40,26.64,81.5,4.906,0.227,0.163,2020-08-01,"Aug","Sat",17,"Sat",38436.11285,TRUE
"Zone.3..Power.Consumption",2020-07-08 17:20:00,26.48,69.6,4.902,38.03,34.44,2020-07-08,"Jul","Wed",17,"Wed",38446.19247,TRUE
"Zone.3..Power.Consumption",2020-08-07 17:21:30,27.07,82.9,4.907,0.066,0.107,2020-08-07,"Aug","Fri",17,"Fri",38448.15047,TRUE
"Zone.3..Power.Consumption",2020-07-28 17:21:20,28.33,44.01,4.909,0.091,0.089,2020-07-28,"Jul","Tue",17,"Tue",38458.24268,TRUE
"Zone.3..Power.Consumption",2020-07-08 17:20:30,25.75,75.9,4.905,5.927,4.846,2020-07-08,"Jul","Wed",17,"Wed",38464.26778,TRUE
"Zone.3..Power.Consumption",2020-07-09 17:21:20,27.16,40.99,4.914,0.084,0.1,2020-07-09,"Jul","Thu",17,"Thu",38470.29289,TRUE
"Zone.3..Power.Consumption",2020-08-16 17:21:00,23.67,59.94,0.069,0.091,0.085,2020-08-16,"Aug","Sun",17,"Sun",38472.22571,TRUE
"Zone.3..Power.Consumption",2020-08-08 17:19:20,27.52,81.3,4.903,37.49,31.92,2020-08-08,"Aug","Sat",17,"Sat",38484.26332,TRUE
"Zone.3..Power.Consumption",2020-07-13 17:22:00,25.27,83.5,4.909,0.077,0.148,2020-07-13,"Jul","Mon",17,"Mon",38494.39331,TRUE
"Zone.3..Power.Consumption",2020-08-03 17:20:20,29.27,49.52,4.906,3.397,2.794,2020-08-03,"Aug","Mon",17,"Mon",38496.30094,TRUE
"Zone.3..Power.Consumption",2020-07-14 17:22:30,25.5,79.7,4.914,0.084,0.152,2020-07-14,"Jul","Tue",17,"Tue",38500.41841,TRUE
"Zone.3..Power.Consumption",2020-08-06 17:20:50,27.96,77.6,4.906,0.117,0.085,2020-08-06,"Aug","Thu",17,"Thu",38508.33856,TRUE
"Zone.3..Power.Consumption",2020-08-15 17:20:50,24.13,57.45,4.911,0.099,0.078,2020-08-15,"Aug","Sat",17,"Sat",38508.33856,TRUE
"Zone.3..Power.Consumption",2020-07-10 17:21:40,30.06,24.01,4.914,0.084,0.078,2020-07-10,"Jul","Fri",17,"Fri",38512.46862,TRUE
"Zone.3..Power.Consumption",2020-07-20 17:22:50,26.75,55.29,0.085,0.099,0.085,2020-07-20,"Jul","Mon",17,"Mon",38542.59414,TRUE
"Zone.3..Power.Consumption",2020-08-03 17:20:10,29.39,48.08,4.903,8.88,7.61,2020-08-03,"Aug","Mon",17,"Mon",38544.45141,TRUE
"Zone.3..Power.Consumption",2020-07-19 17:22:50,25.81,58.99,4.936,0.117,0.107,2020-07-19,"Jul","Sun",17,"Sun",38566.69456,TRUE
"Zone.3..Power.Consumption",2020-07-08 17:20:10,26.37,71.2,4.903,23.35,20.27,2020-07-08,"Jul","Wed",17,"Wed",38584.76987,TRUE
"Zone.3..Power.Consumption",2020-08-07 17:21:20,27.1,82.5,4.909,0.095,0.152,2020-08-07,"Aug","Fri",17,"Fri",38586.58307,TRUE
"Zone.3..Power.Consumption",2020-07-22 17:23:10,26.46,34.21,4.908,0.073,0.126,2020-07-22,"Jul","Wed",17,"Wed",38590.79498,TRUE
"Zone.3..Power.Consumption",2020-07-30 17:21:50,23.66,63.86,4.911,0.091,0.082,2020-07-30,"Jul","Thu",17,"Thu",38590.79498,TRUE
"Zone.3..Power.Consumption",2020-07-17 17:22:40,27.32,44.72,4.923,0.121,0.093,2020-07-17,"Jul","Fri",17,"Fri",38596.82008,TRUE
"Zone.3..Power.Consumption",2020-07-14 17:22:20,25.48,79.6,4.915,0.099,0.148,2020-07-14,"Jul","Tue",17,"Tue",38620.9205,TRUE
"Zone.3..Power.Consumption",2020-08-06 17:19:30,27.75,79.1,4.903,46.41,37.84,2020-08-06,"Aug","Thu",17,"Thu",38628.71473,TRUE
"Zone.3..Power.Consumption",2020-07-26 17:23:10,28.32,44.81,4.908,0.095,0.111,2020-07-26,"Jul","Sun",17,"Sun",38632.97071,TRUE
"Zone.3..Power.Consumption",2020-07-10 17:21:30,30.65,22.84,4.915,0.095,0.1,2020-07-10,"Jul","Fri",17,"Fri",38645.02092,TRUE
"Zone.3..Power.Consumption",2020-07-11 17:21:50,26.02,68.13,4.914,0.091,0.096,2020-07-11,"Jul","Sat",17,"Sat",38651.04603,TRUE
"Zone.3..Power.Consumption",2020-08-01 17:20:30,26.65,81.6,4.905,1.005,0.837,2020-08-01,"Aug","Sat",17,"Sat",38652.78997,TRUE
"Zone.3..Power.Consumption",2020-08-18 17:21:00,25.1,69.95,0.067,0.099,0.067,2020-08-18,"Aug","Tue",17,"Tue",38682.88401,TRUE
"Zone.3..Power.Consumption",2020-08-04 17:20:20,26.31,77.6,4.904,2.998,2.375,2020-08-04,"Aug","Tue",17,"Tue",38688.90282,TRUE
"Zone.3..Power.Consumption",2020-08-10 17:20:20,30.99,30.28,4.905,0.49,0.393,2020-08-10,"Aug","Mon",17,"Mon",38688.90282,TRUE
"Zone.3..Power.Consumption",2020-08-12 17:20:50,26.33,31.48,4.909,0.077,0.093,2020-08-12,"Aug","Wed",17,"Wed",38688.90282,TRUE
"Zone.3..Power.Consumption",2020-07-12 17:21:40,25.64,80.3,4.908,0.077,0.144,2020-07-12,"Jul","Sun",17,"Sun",38699.24686,TRUE
"Zone.3..Power.Consumption",2020-07-28 17:21:10,28.47,43.91,4.907,0.077,0.148,2020-07-28,"Jul","Tue",17,"Tue",38699.24686,TRUE
"Zone.3..Power.Consumption",2020-07-08 17:20:20,26.07,73.5,4.905,12.53,10.53,2020-07-08,"Jul","Wed",17,"Wed",38717.32218,TRUE
"Zone.3..Power.Consumption",2020-07-24 17:19:30,29.94,35.98,4.91,104.9,116.3,2020-07-24,"Jul","Fri",17,"Fri",38723.34728,TRUE
"Zone.3..Power.Consumption",2020-08-04 17:20:10,26.29,77.9,4.906,6.278,4.983,2020-08-04,"Aug","Tue",17,"Tue",38731.03448,TRUE
"Zone.3..Power.Consumption",2020-08-05 17:21:10,25.92,84.7,4.909,0.066,0.115,2020-08-05,"Aug","Wed",17,"Wed",38731.03448,TRUE
"Zone.3..Power.Consumption",2020-08-01 17:19:50,27.23,78.6,4.904,31.87,26.93,2020-08-01,"Aug","Sat",17,"Sat",38737.05329,TRUE
"Zone.3..Power.Consumption",2020-07-12 17:19:40,28.22,61.1,4.908,83.9,85.9,2020-07-12,"Jul","Sun",17,"Sun",38741.42259,TRUE
"Zone.3..Power.Consumption",2020-08-04 17:19:50,26.43,77.5,4.904,22.78,18.57,2020-08-04,"Aug","Tue",17,"Tue",38743.0721,TRUE
"Zone.3..Power.Consumption",2020-07-31 17:21:40,25.52,72.1,4.904,0.102,0.052,2020-07-31,"Jul","Fri",17,"Fri",38747.4477,TRUE
"Zone.3..Power.Consumption",2020-08-06 17:20:40,27.93,77.7,4.905,0.088,0.096,2020-08-06,"Aug","Thu",17,"Thu",38749.09091,TRUE
"Zone.3..Power.Consumption",2020-08-10 17:19:30,32.29,27.94,4.902,25.38,20.06,2020-08-10,"Aug","Mon",17,"Mon",38749.09091,TRUE
"Zone.3..Power.Consumption",2020-08-19 17:21:00,25.33,86.3,4.919,0.051,0.144,2020-08-19,"Aug","Wed",17,"Wed",38761.12853,TRUE
"Zone.3..Power.Consumption",2020-07-16 17:19:30,27,78.2,4.916,96.4,91.6,2020-07-16,"Jul","Thu",17,"Thu",38777.57322,TRUE
"Zone.3..Power.Consumption",2020-07-18 17:22:50,27.39,37.98,4.921,0.102,0.133,2020-07-18,"Jul","Sat",17,"Sat",38777.57322,TRUE
"Zone.3..Power.Consumption",2020-07-09 17:21:10,27.44,40.59,4.915,0.091,0.107,2020-07-09,"Jul","Thu",17,"Thu",38795.64854,TRUE
"Zone.3..Power.Consumption",2020-07-09 17:19:50,29.97,33.98,4.916,70.7,72.5,2020-07-09,"Jul","Thu",17,"Thu",38801.67364,TRUE
"Zone.3..Power.Consumption",2020-08-15 17:20:40,24.4,55.62,4.91,0.102,0.063,2020-08-15,"Aug","Sat",17,"Sat",38809.279,TRUE
"Zone.3..Power.Consumption",2020-08-01 17:20:20,26.72,81.5,4.906,3.353,2.757,2020-08-01,"Aug","Sat",17,"Sat",38815.29781,TRUE
"Zone.3..Power.Consumption",2020-08-15 17:19:20,26.2,45.92,4.903,79.9,93,2020-08-15,"Aug","Sat",17,"Sat",38821.31661,TRUE
"Zone.3..Power.Consumption",2020-07-10 17:21:20,30.9,21.64,4.916,0.106,0.085,2020-07-10,"Jul","Fri",17,"Fri",38825.77406,TRUE
"Zone.3..Power.Consumption",2020-07-23 17:23:10,24.95,55.89,4.904,0.073,0.107,2020-07-23,"Jul","Thu",17,"Thu",38831.79916,TRUE
"Zone.3..Power.Consumption",2020-08-05 17:19:30,26.73,81.2,4.906,44.58,35.45,2020-08-05,"Aug","Wed",17,"Wed",38833.35423,TRUE
"Zone.3..Power.Consumption",2020-08-08 17:21:10,26.96,83.2,4.905,0.102,0.137,2020-08-08,"Aug","Sat",17,"Sat",38833.35423,TRUE
"Zone.3..Power.Consumption",2020-07-29 17:19:30,30.01,38.15,4.908,100.4,111.4,2020-07-29,"Jul","Wed",17,"Wed",38837.82427,TRUE
"Zone.3..Power.Consumption",2020-07-27 17:23:20,25.62,79.5,4.905,0.117,0.078,2020-07-27,"Jul","Mon",17,"Mon",38855.89958,TRUE
"Zone.3..Power.Consumption",2020-07-13 17:21:50,25.33,83.3,4.911,0.11,0.141,2020-07-13,"Jul","Mon",17,"Mon",38861.92469,TRUE
"Zone.3..Power.Consumption",2020-07-16 17:22:30,25.87,85.6,4.921,0.051,0.189,2020-07-16,"Jul","Thu",17,"Thu",38861.92469,TRUE
"Zone.3..Power.Consumption",2020-07-25 17:23:20,23.24,73.1,4.908,0.088,0.111,2020-07-25,"Jul","Sat",17,"Sat",38861.92469,TRUE
"Zone.3..Power.Consumption",2020-08-17 17:20:30,25.17,58.25,0.071,0.117,0.152,2020-08-17,"Aug","Mon",17,"Mon",38863.44828,TRUE
"Zone.3..Power.Consumption",2020-07-10 17:19:50,33.11,23.48,4.916,68.37,70.7,2020-07-10,"Jul","Fri",17,"Fri",38867.94979,TRUE
"Zone.3..Power.Consumption",2020-07-15 17:19:30,26.84,74.9,4.911,92.3,85.9,2020-07-15,"Jul","Wed",17,"Wed",38873.9749,TRUE
"Zone.3..Power.Consumption",2020-07-24 17:23:40,24.54,46.95,4.91,0.095,0.107,2020-07-24,"Jul","Fri",17,"Fri",38873.9749,TRUE
"Zone.3..Power.Consumption",2020-07-28 17:21:00,28.58,44.01,4.91,0.051,0.126,2020-07-28,"Jul","Tue",17,"Tue",38873.9749,TRUE
"Zone.3..Power.Consumption",2020-07-21 17:22:30,30.51,25.41,4.91,0.113,0.104,2020-07-21,"Jul","Tue",17,"Tue",38886.0251,TRUE
"Zone.3..Power.Consumption",2020-07-22 17:19:20,28.97,67.76,4.91,119.1,120.6,2020-07-22,"Jul","Wed",17,"Wed",38892.05021,TRUE
"Zone.3..Power.Consumption",2020-08-04 17:20:00,26.35,77.8,4.901,12.34,9.95,2020-08-04,"Aug","Tue",17,"Tue",38905.57994,TRUE
"Zone.3..Power.Consumption",2020-07-29 17:21:50,25.57,59.52,4.911,0.08,0.111,2020-07-29,"Jul","Wed",17,"Wed",38910.12552,TRUE
"Zone.3..Power.Consumption",2020-08-07 17:21:10,27.16,82.1,4.909,0.084,0.137,2020-08-07,"Aug","Fri",17,"Fri",38911.59875,TRUE
"Zone.3..Power.Consumption",2020-07-17 17:19:30,32.62,37.42,4.928,109.3,115.6,2020-07-17,"Jul","Fri",17,"Fri",38922.17573,TRUE
"Zone.3..Power.Consumption",2020-08-12 17:19:20,28.71,22.27,4.907,110,96.5,2020-08-12,"Aug","Wed",17,"Wed",38929.65517,TRUE
"Zone.3..Power.Consumption",2020-08-16 17:20:50,23.79,59.61,0.535,0.088,0.074,2020-08-16,"Aug","Sun",17,"Sun",38929.65517,TRUE
"Zone.3..Power.Consumption",2020-08-01 17:20:10,26.85,80.8,4.907,8.79,7.36,2020-08-01,"Aug","Sat",17,"Sat",38965.76803,TRUE
"Zone.3..Power.Consumption",2020-07-11 17:21:30,26.19,66.63,4.909,0.099,0.107,2020-07-11,"Jul","Sat",17,"Sat",38976.40167,TRUE
"Zone.3..Power.Consumption",2020-07-11 17:21:40,26.08,67.1,4.911,0.102,0.115,2020-07-11,"Jul","Sat",17,"Sat",38976.40167,TRUE
"Zone.3..Power.Consumption",2020-08-17 17:19:20,26.53,53.68,0.071,63.38,66.98,2020-08-17,"Aug","Mon",17,"Mon",38995.86207,TRUE
"Zone.3..Power.Consumption",2020-07-14 17:22:10,25.52,79.4,4.915,0.091,0.13,2020-07-14,"Jul","Tue",17,"Tue",39000.50209,TRUE
"Zone.3..Power.Consumption",2020-07-10 17:21:10,31.02,22.51,4.917,0.099,0.104,2020-07-10,"Jul","Fri",17,"Fri",39006.5272,TRUE
"Zone.3..Power.Consumption",2020-07-09 17:21:00,27.64,40.62,4.91,0.139,0.2,2020-07-09,"Jul","Thu",17,"Thu",39018.57741,TRUE
"Zone.3..Power.Consumption",2020-08-12 17:20:40,26.55,29.74,4.908,0.069,0.085,2020-08-12,"Aug","Wed",17,"Wed",39031.97492,TRUE
"Zone.3..Power.Consumption",2020-07-31 17:21:30,25.65,71.5,4.906,0.124,0.067,2020-07-31,"Jul","Fri",17,"Fri",39042.67782,TRUE
"Zone.3..Power.Consumption",2020-07-13 17:21:30,25.48,82.5,4.91,0.062,0.111,2020-07-13,"Jul","Mon",17,"Mon",39048.70293,TRUE
"Zone.3..Power.Consumption",2020-07-23 17:19:20,29.27,35.91,4.909,137.3,153.7,2020-07-23,"Jul","Thu",17,"Thu",39048.70293,TRUE
"Zone.3..Power.Consumption",2020-08-09 17:19:30,29.97,65.56,4.904,27.87,25.06,2020-08-09,"Aug","Sun",17,"Sun",39056.05016,TRUE
"Zone.3..Power.Consumption",2020-07-12 17:21:30,25.72,79.4,4.906,0.106,0.159,2020-07-12,"Jul","Sun",17,"Sun",39060.75314,TRUE
"Zone.3..Power.Consumption",2020-07-19 17:22:40,26.28,58.79,4.929,0.091,0.115,2020-07-19,"Jul","Sun",17,"Sun",39060.75314,TRUE
"Zone.3..Power.Consumption",2020-08-18 17:20:50,25.3,67.91,0.067,0.08,0.078,2020-08-18,"Aug","Tue",17,"Tue",39062.06897,TRUE
"Zone.3..Power.Consumption",2020-07-17 17:22:30,27.53,44.52,4.921,0.091,0.126,2020-07-17,"Jul","Fri",17,"Fri",39066.77824,TRUE
"Zone.3..Power.Consumption",2020-07-11 17:21:20,26.36,65.89,4.91,0.113,0.104,2020-07-11,"Jul","Sat",17,"Sat",39072.80335,TRUE
"Zone.3..Power.Consumption",2020-08-01 17:20:00,26.99,79.9,4.903,17.86,14.91,2020-08-01,"Aug","Sat",17,"Sat",39086.1442,TRUE
"Zone.3..Power.Consumption",2020-07-30 17:21:40,23.82,63.52,4.91,0.113,0.104,2020-07-30,"Jul","Thu",17,"Thu",39090.87866,TRUE
"Zone.3..Power.Consumption",2020-08-10 17:20:10,31.25,29.18,4.905,1.447,1.237,2020-08-10,"Aug","Mon",17,"Mon",39092.16301,TRUE
"Zone.3..Power.Consumption",2020-07-21 17:19:30,36,17.21,4.907,100.4,100.1,2020-07-21,"Jul","Tue",17,"Tue",39145.1046,TRUE
"Zone.3..Power.Consumption",2020-08-12 17:20:30,26.7,29.44,4.908,0.106,0.104,2020-08-12,"Aug","Wed",17,"Wed",39158.36991,TRUE
"Zone.3..Power.Consumption",2020-08-09 17:20:30,30.4,48.75,4.908,0.234,0.237,2020-08-09,"Aug","Sun",17,"Sun",39164.38871,TRUE
"Zone.3..Power.Consumption",2020-07-20 17:22:40,26.81,53.58,0.068,0.102,0.096,2020-07-20,"Jul","Mon",17,"Mon",39169.20502,TRUE
"Zone.3..Power.Consumption",2020-08-06 17:20:30,27.8,78.5,4.904,0.157,0.152,2020-08-06,"Aug","Thu",17,"Thu",39170.40752,TRUE
"Zone.3..Power.Consumption",2020-08-19 17:20:50,25.34,85.9,4.924,0.077,0.104,2020-08-19,"Aug","Wed",17,"Wed",39176.42633,TRUE
"Zone.3..Power.Consumption",2020-07-10 17:21:00,31.12,23.41,4.913,0.124,0.163,2020-07-10,"Jul","Fri",17,"Fri",39181.25523,TRUE
"Zone.3..Power.Consumption",2020-07-16 17:22:20,25.9,85.6,4.92,0.069,0.152,2020-07-16,"Jul","Thu",17,"Thu",39181.25523,TRUE
"Zone.3..Power.Consumption",2020-08-15 17:20:30,24.57,53.92,4.908,0.186,0.13,2020-08-15,"Aug","Sat",17,"Sat",39182.44514,TRUE
"Zone.3..Power.Consumption",2020-07-09 17:20:50,27.94,40.25,4.913,0.786,0.7,2020-07-09,"Jul","Thu",17,"Thu",39205.35565,TRUE
"Zone.3..Power.Consumption",2020-07-28 17:19:40,31.03,39.45,4.909,61.11,56.97,2020-07-28,"Jul","Tue",17,"Tue",39205.35565,TRUE
"Zone.3..Power.Consumption",2020-07-13 17:19:40,26.73,74.5,4.912,75.4,69.85,2020-07-13,"Jul","Mon",17,"Mon",39211.38075,TRUE
"Zone.3..Power.Consumption",2020-07-22 17:23:00,27.22,32.64,4.906,0.08,0.13,2020-07-22,"Jul","Wed",17,"Wed",39235.48117,TRUE
"Zone.3..Power.Consumption",2020-07-29 17:21:40,25.78,58.45,4.908,0.121,0.052,2020-07-29,"Jul","Wed",17,"Wed",39247.53138,TRUE
"Zone.3..Power.Consumption",2020-08-05 17:21:00,26.05,84.3,4.904,0.088,0.115,2020-08-05,"Aug","Wed",17,"Wed",39254.67085,TRUE
"Zone.3..Power.Consumption",2020-08-08 17:21:00,26.97,83.3,4.904,0.088,0.152,2020-08-08,"Aug","Sat",17,"Sat",39254.67085,TRUE
"Zone.3..Power.Consumption",2020-07-11 17:21:10,26.53,65.06,4.911,0.091,0.115,2020-07-11,"Jul","Sat",17,"Sat",39271.6318,TRUE
"Zone.3..Power.Consumption",2020-07-13 17:21:40,25.43,82.8,4.909,0.073,0.13,2020-07-13,"Jul","Mon",17,"Mon",39277.6569,TRUE
"Zone.3..Power.Consumption",2020-08-12 17:20:20,26.83,29.51,4.908,0.556,0.419,2020-08-12,"Aug","Wed",17,"Wed",39278.74608,TRUE
"Zone.3..Power.Consumption",2020-08-19 17:20:40,25.36,85.8,4.929,0.095,0.126,2020-08-19,"Aug","Wed",17,"Wed",39296.80251,TRUE
"Zone.3..Power.Consumption",2020-07-12 17:21:20,25.9,78.3,4.909,0.077,0.126,2020-07-12,"Jul","Sun",17,"Sun",39319.83264,TRUE
"Zone.3..Power.Consumption",2020-07-24 17:23:30,24.68,44.42,4.908,0.11,0.093,2020-07-24,"Jul","Fri",17,"Fri",39325.85774,TRUE
"Zone.3..Power.Consumption",2020-08-10 17:19:40,32.21,27.81,4.905,15.29,11.97,2020-08-10,"Aug","Mon",17,"Mon",39326.89655,TRUE
"Zone.3..Power.Consumption",2020-07-23 17:23:00,24.85,59.29,4.903,0.095,0.107,2020-07-23,"Jul","Thu",17,"Thu",39337.90795,TRUE
"Zone.3..Power.Consumption",2020-07-18 17:22:40,27.39,36.75,4.921,0.099,0.126,2020-07-18,"Jul","Sat",17,"Sat",39380.08368,TRUE
"Zone.3..Power.Consumption",2020-08-10 17:20:00,31.54,27.84,4.905,5.735,4.252,2020-08-10,"Aug","Mon",17,"Mon",39405.14107,TRUE
"Zone.3..Power.Consumption",2020-08-17 17:20:20,25.3,57.98,0.066,0.391,0.307,2020-08-17,"Aug","Mon",17,"Mon",39411.15987,TRUE
"Zone.3..Power.Consumption",2020-07-10 17:20:50,31.34,23.68,4.913,0.684,0.611,2020-07-10,"Jul","Fri",17,"Fri",39434.30962,TRUE
"Zone.3..Power.Consumption",2020-07-15 17:22:40,26.22,82.5,4.916,0.059,0.144,2020-07-15,"Jul","Wed",17,"Wed",39434.30962,TRUE
"Zone.3..Power.Consumption",2020-07-17 17:22:20,27.73,44.15,4.924,0.121,0.089,2020-07-17,"Jul","Fri",17,"Fri",39440.33473,TRUE
"Zone.3..Power.Consumption",2020-07-21 17:22:20,30.91,25.44,4.911,0.095,0.148,2020-07-21,"Jul","Tue",17,"Tue",39452.38494,TRUE
"Zone.3..Power.Consumption",2020-08-18 17:20:40,25.29,66.75,0.069,0.077,0.144,2020-08-18,"Aug","Tue",17,"Tue",39459.31034,TRUE
"Zone.3..Power.Consumption",2020-07-09 17:20:00,29.5,35.98,4.917,52.87,53.58,2020-07-09,"Jul","Thu",17,"Thu",39464.43515,TRUE
"Zone.3..Power.Consumption",2020-07-28 17:20:50,28.73,43.78,4.91,0.106,0.13,2020-07-28,"Jul","Tue",17,"Tue",39464.43515,TRUE
"Zone.3..Power.Consumption",2020-07-29 17:21:30,26.06,57.25,4.908,0.106,0.1,2020-07-29,"Jul","Wed",17,"Wed",39464.43515,TRUE
"Zone.3..Power.Consumption",2020-08-05 17:20:50,26.39,83.2,4.91,0.066,0.119,2020-08-05,"Aug","Wed",17,"Wed",39471.34796,TRUE
"Zone.3..Power.Consumption",2020-07-20 17:22:30,26.82,53.32,0.065,0.084,0.144,2020-07-20,"Jul","Mon",17,"Mon",39482.51046,TRUE
"Zone.3..Power.Consumption",2020-08-10 17:19:50,31.98,27.44,4.906,10.88,8.35,2020-08-10,"Aug","Mon",17,"Mon",39483.38558,TRUE
"Zone.3..Power.Consumption",2020-08-19 17:19:20,25.59,84.3,4.924,49.86,38.99,2020-08-19,"Aug","Wed",17,"Wed",39483.38558,TRUE
"Zone.3..Power.Consumption",2020-07-10 17:20:00,32.79,22.28,4.916,48.98,49.64,2020-07-10,"Jul","Fri",17,"Fri",39494.56067,TRUE
"Zone.3..Power.Consumption",2020-07-19 17:22:30,26.33,58.15,4.909,0.113,0.104,2020-07-19,"Jul","Sun",17,"Sun",39500.58577,TRUE
"Zone.3..Power.Consumption",2020-08-07 17:21:00,27.25,81.4,4.903,0.08,0.115,2020-08-07,"Aug","Fri",17,"Fri",39501.44201,TRUE
"Zone.3..Power.Consumption",2020-07-31 17:21:20,25.54,69.43,4.911,0.113,0.085,2020-07-31,"Jul","Fri",17,"Fri",39506.61088,TRUE
"Zone.3..Power.Consumption",2020-07-14 17:22:00,25.56,79.1,4.908,0.091,0.141,2020-07-14,"Jul","Tue",17,"Tue",39512.63598,TRUE
"Zone.3..Power.Consumption",2020-08-12 17:20:10,27.07,29.38,4.909,1.766,1.423,2020-08-12,"Aug","Wed",17,"Wed",39525.51724,TRUE
"Zone.3..Power.Consumption",2020-08-16 17:20:40,23.91,59.38,4.909,0.102,0.111,2020-08-16,"Aug","Sun",17,"Sun",39525.51724,TRUE
"Zone.3..Power.Consumption",2020-07-16 17:22:10,25.87,85.6,4.916,0.077,0.182,2020-07-16,"Jul","Thu",17,"Thu",39530.7113,TRUE
"Zone.3..Power.Consumption",2020-08-08 17:20:50,26.87,83.7,4.908,0.073,0.115,2020-08-08,"Aug","Sat",17,"Sat",39531.53605,TRUE
"Zone.3..Power.Consumption",2020-07-09 17:20:40,28.31,39.32,4.915,3.408,2.831,2020-07-09,"Jul","Thu",17,"Thu",39536.7364,TRUE
"Zone.3..Power.Consumption",2020-07-11 17:19:50,27.49,58.36,4.908,63.3,64.36,2020-07-11,"Jul","Sat",17,"Sat",39548.78661,TRUE
"Zone.3..Power.Consumption",2020-07-13 17:21:20,25.57,82.1,4.913,0.088,0.156,2020-07-13,"Jul","Mon",17,"Mon",39554.81172,TRUE
"Zone.3..Power.Consumption",2020-08-12 17:19:30,28.41,24.11,4.906,90.2,76.7,2020-08-12,"Aug","Wed",17,"Wed",39555.61129,TRUE
"Zone.3..Power.Consumption",2020-07-09 17:20:10,29.2,36.79,4.915,35.07,34.72,2020-07-09,"Jul","Thu",17,"Thu",39572.88703,TRUE
"Zone.3..Power.Consumption",2020-07-30 17:21:30,23.94,62.72,4.911,0.11,0.096,2020-07-30,"Jul","Thu",17,"Thu",39578.91213,TRUE
"Zone.3..Power.Consumption",2020-07-14 17:19:40,26.36,74.6,4.912,56.23,53.05,2020-07-14,"Jul","Tue",17,"Tue",39584.93724,TRUE
"Zone.3..Power.Consumption",2020-08-09 17:20:20,30.63,50.65,4.907,1.583,1.393,2020-08-09,"Aug","Sun",17,"Sun",39585.70533,TRUE
"Zone.3..Power.Consumption",2020-07-25 17:23:10,23.43,72.4,4.906,0.084,0.133,2020-07-25,"Jul","Sat",17,"Sat",39603.01255,TRUE
"Zone.3..Power.Consumption",2020-07-26 17:23:00,28.52,44.68,4.906,0.088,0.141,2020-07-26,"Jul","Sun",17,"Sun",39609.03766,TRUE
"Zone.3..Power.Consumption",2020-08-05 17:20:40,26.46,83.9,4.909,0.113,0.111,2020-08-05,"Aug","Wed",17,"Wed",39615.79937,TRUE
"Zone.3..Power.Consumption",2020-07-24 17:23:20,24.98,42.78,4.91,0.106,0.093,2020-07-24,"Jul","Fri",17,"Fri",39621.08787,TRUE
"Zone.3..Power.Consumption",2020-08-19 17:20:30,25.37,85.8,4.923,0.084,0.107,2020-08-19,"Aug","Wed",17,"Wed",39621.81818,TRUE
"Zone.3..Power.Consumption",2020-08-16 17:20:30,24.07,59.11,4.908,0.128,0.13,2020-08-16,"Aug","Sun",17,"Sun",39633.8558,TRUE
"Zone.3..Power.Consumption",2020-07-09 17:20:20,28.91,37.62,4.92,16.94,14.59,2020-07-09,"Jul","Thu",17,"Thu",39645.18828,TRUE
"Zone.3..Power.Consumption",2020-07-22 17:22:50,27.31,32.48,4.911,0.11,0.104,2020-07-22,"Jul","Wed",17,"Wed",39645.18828,TRUE
"Zone.3..Power.Consumption",2020-07-11 17:21:00,26.73,63.93,4.912,0.121,0.178,2020-07-11,"Jul","Sat",17,"Sat",39657.23849,TRUE
"Zone.3..Power.Consumption",2020-08-18 17:20:30,25.31,67.52,0.063,0.102,0.137,2020-08-18,"Aug","Tue",17,"Tue",39663.94984,TRUE
"Zone.3..Power.Consumption",2020-08-12 17:20:00,27.47,28.48,4.903,10,7.77,2020-08-12,"Aug","Wed",17,"Wed",39669.96865,TRUE
"Zone.3..Power.Consumption",2020-07-10 17:20:40,31.63,24.48,4.912,2.545,2.116,2020-07-10,"Jul","Fri",17,"Fri",39681.33891,TRUE
"Zone.3..Power.Consumption",2020-08-16 17:19:20,25.67,55.75,4.906,78.6,90.9,2020-08-16,"Aug","Sun",17,"Sun",39688.02508,TRUE
"Zone.3..Power.Consumption",2020-08-18 17:19:20,26.67,59.12,0.065,68.93,75.4,2020-08-18,"Aug","Tue",17,"Tue",39694.04389,TRUE
"Zone.3..Power.Consumption",2020-08-06 17:19:40,27.78,79,4.902,33.5,26.02,2020-08-06,"Aug","Thu",17,"Thu",39700.0627,TRUE
"Zone.3..Power.Consumption",2020-07-11 17:20:50,26.89,62.99,4.91,0.614,0.526,2020-07-11,"Jul","Sat",17,"Sat",39711.46444,TRUE
"Zone.3..Power.Consumption",2020-07-12 17:21:10,26.11,76.9,4.908,0.102,0.119,2020-07-12,"Jul","Sun",17,"Sun",39711.46444,TRUE
"Zone.3..Power.Consumption",2020-07-18 17:22:30,27.64,36.38,4.916,0.088,0.1,2020-07-18,"Jul","Sat",17,"Sat",39717.48954,TRUE
"Zone.3..Power.Consumption",2020-07-09 17:20:30,28.66,38.42,4.916,8.85,7.82,2020-07-09,"Jul","Thu",17,"Thu",39729.53975,TRUE
"Zone.3..Power.Consumption",2020-07-31 17:19:30,26.9,58.99,4.904,86,88.8,2020-07-31,"Jul","Fri",17,"Fri",39735.56485,TRUE
"Zone.3..Power.Consumption",2020-08-08 17:20:40,26.82,84.3,4.906,0.073,0.137,2020-08-08,"Aug","Sat",17,"Sat",39736.17555,TRUE
"Zone.3..Power.Consumption",2020-08-07 17:20:50,27.31,80.3,4.908,0.077,0.133,2020-08-07,"Aug","Fri",17,"Fri",39760.25078,TRUE
"Zone.3..Power.Consumption",2020-08-06 17:20:20,27.64,80,4.905,0.998,0.733,2020-08-06,"Aug","Thu",17,"Thu",39778.30721,TRUE
"Zone.3..Power.Consumption",2020-08-17 17:20:10,25.41,57.71,0.07,1.879,1.533,2020-08-17,"Aug","Mon",17,"Mon",39778.30721,TRUE
"Zone.3..Power.Consumption",2020-08-06 17:19:50,27.86,79.1,4.902,20.62,15.03,2020-08-06,"Aug","Thu",17,"Thu",39796.36364,TRUE
"Zone.3..Power.Consumption",2020-07-13 17:21:10,25.67,81.5,4.91,0.091,0.126,2020-07-13,"Jul","Mon",17,"Mon",39819.91632,TRUE
"Zone.3..Power.Consumption",2020-08-17 17:19:30,26.22,55.28,0.071,43.96,45.52,2020-08-17,"Aug","Mon",17,"Mon",39826.45768,TRUE
"Zone.3..Power.Consumption",2020-07-27 17:23:10,25.7,79.2,4.902,0.073,0.115,2020-07-27,"Jul","Mon",17,"Mon",39831.96653,TRUE
"Zone.3..Power.Consumption",2020-07-20 17:19:30,31.46,39.71,0.07,84,75.9,2020-07-20,"Jul","Mon",17,"Mon",39837.99163,TRUE
"Zone.3..Power.Consumption",2020-07-31 17:21:10,25.59,69.83,4.909,0.11,0.085,2020-07-31,"Jul","Fri",17,"Fri",39856.06695,TRUE
"Zone.3..Power.Consumption",2020-08-15 17:20:20,24.72,53.05,4.905,0.764,0.593,2020-08-15,"Aug","Sat",17,"Sat",39874.60815,TRUE
"Zone.3..Power.Consumption",2020-07-10 17:20:30,31.92,24.91,4.914,6.45,5.484,2020-07-10,"Jul","Fri",17,"Fri",39886.19247,TRUE
"Zone.3..Power.Consumption",2020-08-17 17:20:00,25.56,57.28,0.071,5.475,4.674,2020-08-17,"Aug","Mon",17,"Mon",39886.64577,TRUE
"Zone.3..Power.Consumption",2020-07-20 17:22:20,26.95,53.48,0.066,0.124,0.07,2020-07-20,"Jul","Mon",17,"Mon",39892.21757,TRUE
"Zone.3..Power.Consumption",2020-07-10 17:20:10,32.58,21.91,4.916,30.66,30.11,2020-07-10,"Jul","Fri",17,"Fri",39904.26778,TRUE
"Zone.3..Power.Consumption",2020-07-11 17:20:40,26.99,61.26,4.908,2.194,1.878,2020-07-11,"Jul","Sat",17,"Sat",39904.26778,TRUE
"Zone.3..Power.Consumption",2020-07-26 17:22:50,28.83,44.41,4.912,0.102,0.074,2020-07-26,"Jul","Sun",17,"Sun",39904.26778,TRUE
"Zone.3..Power.Consumption",2020-07-29 17:21:20,26.31,55.69,4.91,0.091,0.07,2020-07-29,"Jul","Wed",17,"Wed",39910.29289,TRUE
"Zone.3..Power.Consumption",2020-08-09 17:19:40,29.91,65.59,4.904,30.74,28.28,2020-08-09,"Aug","Sun",17,"Sun",39916.73981,TRUE
"Zone.3..Power.Consumption",2020-07-15 17:22:30,26.13,82.8,4.913,0.066,0.159,2020-07-15,"Jul","Wed",17,"Wed",39922.3431,TRUE
"Zone.3..Power.Consumption",2020-07-17 17:22:10,27.98,43.98,4.925,0.077,0.13,2020-07-17,"Jul","Fri",17,"Fri",39928.3682,TRUE
"Zone.3..Power.Consumption",2020-08-18 17:20:10,25.95,64.65,0.069,1.634,1.315,2020-08-18,"Aug","Tue",17,"Tue",39928.77743,TRUE
"Zone.3..Power.Consumption",2020-08-09 17:19:50,30.77,61.22,4.903,24.67,21.63,2020-08-09,"Aug","Sun",17,"Sun",39934.79624,TRUE
"Zone.3..Power.Consumption",2020-07-14 17:21:50,25.59,78.9,4.916,0.069,0.17,2020-07-14,"Jul","Tue",17,"Tue",39946.44351,TRUE
"Zone.3..Power.Consumption",2020-07-30 17:21:20,24.12,62.09,4.913,0.095,0.111,2020-07-30,"Jul","Thu",17,"Thu",39946.44351,TRUE
"Zone.3..Power.Consumption",2020-07-10 17:20:20,32.22,24.68,4.916,14.12,12.25,2020-07-10,"Jul","Fri",17,"Fri",39970.54393,TRUE
"Zone.3..Power.Consumption",2020-07-30 17:19:30,26.24,56.52,4.908,93.2,101.2,2020-07-30,"Jul","Thu",17,"Thu",39976.56904,TRUE
"Zone.3..Power.Consumption",2020-08-06 17:20:10,27.62,80.2,4.903,6.89,4.989,2020-08-06,"Aug","Thu",17,"Thu",39976.9279,TRUE
"Zone.3..Power.Consumption",2020-08-07 17:20:40,27.3,79.3,4.907,0.113,0.122,2020-08-07,"Aug","Fri",17,"Fri",39982.94671,TRUE
"Zone.3..Power.Consumption",2020-08-18 17:20:20,25.58,67.11,0.066,0.351,0.256,2020-08-18,"Aug","Tue",17,"Tue",39982.94671,TRUE
"Zone.3..Power.Consumption",2020-07-12 17:21:00,26.45,74.8,4.905,0.117,0.159,2020-07-12,"Jul","Sun",17,"Sun",39994.64435,TRUE
"Zone.3..Power.Consumption",2020-07-18 17:22:20,27.99,36.45,4.918,0.099,0.141,2020-07-18,"Jul","Sat",17,"Sat",39994.64435,TRUE
"Zone.3..Power.Consumption",2020-08-06 17:20:00,27.73,79.6,4.901,12.4,9.42,2020-08-06,"Aug","Thu",17,"Thu",39994.98433,TRUE
"Zone.3..Power.Consumption",2020-07-11 17:20:30,27.1,59.06,4.91,5.89,4.95,2020-07-11,"Jul","Sat",17,"Sat",40006.69456,TRUE
"Zone.3..Power.Consumption",2020-08-16 17:20:20,24.28,58.68,4.909,0.614,0.537,2020-08-16,"Aug","Sun",17,"Sun",40019.05956,TRUE
"Zone.3..Power.Consumption",2020-07-11 17:20:00,27.54,58.03,4.909,43.28,43.02,2020-07-11,"Jul","Sat",17,"Sat",40024.76987,TRUE
"Zone.3..Power.Consumption",2020-08-07 17:19:30,27.62,74.4,4.902,65.4,54.05,2020-08-07,"Aug","Fri",17,"Fri",40031.09718,TRUE
"Zone.3..Power.Consumption",2020-07-28 17:20:40,28.86,43.45,4.91,0.611,0.526,2020-07-28,"Jul","Tue",17,"Tue",40036.82008,TRUE
"Zone.3..Power.Consumption",2020-08-05 17:19:40,26.64,82.2,4.908,30.55,24.88,2020-08-05,"Aug","Wed",17,"Wed",40043.1348,TRUE
"Zone.3..Power.Consumption",2020-07-19 17:22:20,26.34,58.52,4.914,0.099,0.107,2020-07-19,"Jul","Sun",17,"Sun",40054.8954,TRUE
"Zone.3..Power.Consumption",2020-08-09 17:20:10,31.09,50.65,4.903,3.897,3.304,2020-08-09,"Aug","Sun",17,"Sun",40061.19122,TRUE
"Zone.3..Power.Consumption",2020-07-23 17:22:50,24.87,60.22,4.911,0.095,0.096,2020-07-23,"Jul","Thu",17,"Thu",40066.94561,TRUE
"Zone.3..Power.Consumption",2020-07-25 17:19:20,28.26,49.79,4.909,122.7,130.5,2020-07-25,"Jul","Sat",17,"Sat",40066.94561,TRUE
"Zone.3..Power.Consumption",2020-08-09 17:20:00,31.27,51.32,4.908,11.25,9.67,2020-08-09,"Aug","Sun",17,"Sun",40073.22884,TRUE
"Zone.3..Power.Consumption",2020-07-28 17:19:50,30.71,40.31,4.908,43.24,39.43,2020-07-28,"Jul","Tue",17,"Tue",40085.02092,TRUE
"Zone.3..Power.Consumption",2020-07-13 17:21:00,25.76,80.9,4.908,0.102,0.2,2020-07-13,"Jul","Mon",17,"Mon",40091.04603,TRUE
"Zone.3..Power.Consumption",2020-07-11 17:20:20,27.25,58.49,4.911,12.76,10.92,2020-07-11,"Jul","Sat",17,"Sat",40109.12134,TRUE
"Zone.3..Power.Consumption",2020-07-31 17:21:00,25.95,69.79,4.907,0.102,0.067,2020-07-31,"Jul","Fri",17,"Fri",40109.12134,TRUE
"Zone.3..Power.Consumption",2020-08-12 17:19:40,28.15,25.44,4.906,65.14,54.39,2020-08-12,"Aug","Wed",17,"Wed",40115.3605,TRUE
"Zone.3..Power.Consumption",2020-07-16 17:22:00,25.89,85.6,4.914,0.073,0.13,2020-07-16,"Jul","Thu",17,"Thu",40121.17155,TRUE
"Zone.3..Power.Consumption",2020-08-19 17:19:30,25.48,85.1,4.922,35.62,28.42,2020-08-19,"Aug","Wed",17,"Wed",40127.39812,TRUE
"Zone.3..Power.Consumption",2020-08-15 17:19:30,26.06,46.45,4.906,57.73,67.62,2020-08-15,"Aug","Sat",17,"Sat",40139.43574,TRUE
"Zone.3..Power.Consumption",2020-08-08 17:19:30,27.39,82.3,4.902,23.58,20.08,2020-08-08,"Aug","Sat",17,"Sat",40151.47335,TRUE
"Zone.3..Power.Consumption",2020-08-05 17:20:30,26.41,84.5,4.907,0.289,0.322,2020-08-05,"Aug","Wed",17,"Wed",40163.51097,TRUE
"Zone.3..Power.Consumption",2020-07-18 17:22:10,28.36,36.05,4.915,0.099,0.107,2020-07-18,"Jul","Sat",17,"Sat",40169.37238,TRUE
"Zone.3..Power.Consumption",2020-07-20 17:22:10,27.15,53.58,0.063,0.084,0.111,2020-07-20,"Jul","Mon",17,"Mon",40181.42259,TRUE
"Zone.3..Power.Consumption",2020-08-19 17:20:20,25.36,85.9,4.923,0.216,0.219,2020-08-19,"Aug","Wed",17,"Wed",40181.5674,TRUE
"Zone.3..Power.Consumption",2020-07-25 17:23:00,23.52,72,4.905,0.08,0.122,2020-07-25,"Jul","Sat",17,"Sat",40187.4477,TRUE
"Zone.3..Power.Consumption",2020-08-16 17:20:10,24.44,58.28,4.906,2.442,2.063,2020-08-16,"Aug","Sun",17,"Sun",40193.60502,TRUE
"Zone.3..Power.Consumption",2020-07-17 17:22:00,28.26,43.25,4.921,0.069,0.141,2020-07-17,"Jul","Fri",17,"Fri",40199.49791,TRUE
"Zone.3..Power.Consumption",2020-08-19 17:20:10,25.32,85.9,4.922,2.146,1.807,2020-08-19,"Aug","Wed",17,"Wed",40223.69906,TRUE
"Zone.3..Power.Consumption",2020-07-11 17:20:10,27.42,58.13,4.908,26.25,24.96,2020-07-11,"Jul","Sat",17,"Sat",40229.62343,TRUE
"Zone.3..Power.Consumption",2020-07-14 17:21:40,25.61,78.6,4.916,0.088,0.122,2020-07-14,"Jul","Tue",17,"Tue",40241.67364,TRUE
"Zone.3..Power.Consumption",2020-07-29 17:21:10,26.54,54.48,4.907,0.135,0.059,2020-07-29,"Jul","Wed",17,"Wed",40253.72385,TRUE
"Zone.3..Power.Consumption",2020-07-30 17:21:10,24.28,61.72,4.913,0.106,0.056,2020-07-30,"Jul","Thu",17,"Thu",40253.72385,TRUE
"Zone.3..Power.Consumption",2020-08-16 17:19:30,25.5,55.95,4.906,58.34,68.04,2020-08-16,"Aug","Sun",17,"Sun",40259.81191,TRUE
"Zone.3..Power.Consumption",2020-07-13 17:20:50,25.86,80.4,4.91,0.34,0.293,2020-07-13,"Jul","Mon",17,"Mon",40271.79916,TRUE
"Zone.3..Power.Consumption",2020-08-19 17:20:00,25.31,85.9,4.92,4.489,3.926,2020-08-19,"Aug","Wed",17,"Wed",40271.84953,TRUE
"Zone.3..Power.Consumption",2020-07-27 17:23:00,25.86,78.7,4.902,0.069,0.119,2020-07-27,"Jul","Mon",17,"Mon",40283.84937,TRUE
"Zone.3..Power.Consumption",2020-07-19 17:19:30,30.36,44.05,4.907,98.2,99,2020-07-19,"Jul","Sun",17,"Sun",40295.89958,TRUE
"Zone.3..Power.Consumption",2020-08-18 17:19:30,26.46,60.62,0.069,47.12,50.85,2020-08-18,"Aug","Tue",17,"Tue",40295.92476,TRUE
"Zone.3..Power.Consumption",2020-08-12 17:19:50,27.85,26.34,4.907,38.1,29.9,2020-08-12,"Aug","Wed",17,"Wed",40301.94357,TRUE
"Zone.3..Power.Consumption",2020-08-15 17:20:10,24.91,52.08,4.908,2.731,2.341,2020-08-15,"Aug","Sat",17,"Sat",40301.94357,TRUE
"Zone.3..Power.Consumption",2020-08-18 17:20:00,26.08,62.28,0.068,4.726,3.959,2020-08-18,"Aug","Tue",17,"Tue",40307.96238,TRUE
"Zone.3..Power.Consumption",2020-08-08 17:20:30,26.77,84.7,4.91,0.172,0.137,2020-08-08,"Aug","Sat",17,"Sat",40313.98119,TRUE
"Zone.3..Power.Consumption",2020-08-19 17:19:50,25.36,85.7,4.918,9.69,7.92,2020-08-19,"Aug","Wed",17,"Wed",40326.01881,TRUE
"Zone.3..Power.Consumption",2020-07-13 17:19:50,26.65,75.2,4.911,54.95,50.06,2020-07-13,"Jul","Mon",17,"Mon",40338.07531,TRUE
"Zone.3..Power.Consumption",2020-07-15 17:22:20,26.01,82.8,4.927,0.059,0.089,2020-07-15,"Jul","Wed",17,"Wed",40338.07531,TRUE
"Zone.3..Power.Consumption",2020-07-21 17:22:10,31.36,25.28,4.908,0.091,0.078,2020-07-21,"Jul","Tue",17,"Tue",40344.10042,TRUE
"Zone.3..Power.Consumption",2020-07-28 17:20:30,29.1,42.91,4.909,2.764,2.323,2020-07-28,"Jul","Tue",17,"Tue",40368.20084,TRUE
"Zone.3..Power.Consumption",2020-08-19 17:19:40,25.43,85.5,4.923,19.69,15.72,2020-08-19,"Aug","Wed",17,"Wed",40380.18809,TRUE
"Zone.3..Power.Consumption",2020-07-26 17:19:20,36.25,21.34,4.907,124.4,128.1,2020-07-26,"Jul","Sun",17,"Sun",40380.25105,TRUE
"Zone.3..Power.Consumption",2020-07-31 17:20:50,26.16,68.23,4.907,0.106,0.074,2020-07-31,"Jul","Fri",17,"Fri",40398.32636,TRUE
"Zone.3..Power.Consumption",2020-08-15 17:20:00,25.14,50.98,4.905,6.161,5.098,2020-08-15,"Aug","Sat",17,"Sat",40410.28213,TRUE
"Zone.3..Power.Consumption",2020-07-14 17:21:30,25.65,78.2,4.914,0.099,0.104,2020-07-14,"Jul","Tue",17,"Tue",40416.40167,TRUE
"Zone.3..Power.Consumption",2020-07-29 17:19:40,29.7,40.51,4.906,76.7,84.9,2020-07-29,"Jul","Wed",17,"Wed",40446.5272,TRUE
"Zone.3..Power.Consumption",2020-07-12 17:19:50,27.88,62.7,4.907,61.77,62.28,2020-07-12,"Jul","Sun",17,"Sun",40482.67782,TRUE
"Zone.3..Power.Consumption",2020-08-16 17:20:00,24.64,57.68,4.904,6.042,5.034,2020-08-16,"Aug","Sun",17,"Sun",40494.54545,TRUE
"Zone.3..Power.Consumption",2020-07-20 17:22:00,27.72,53.62,0.067,0.08,0.13,2020-07-20,"Jul","Mon",17,"Mon",40518.82845,TRUE
"Zone.3..Power.Consumption",2020-07-12 17:20:50,26.74,70.2,4.91,0.523,0.463,2020-07-12,"Jul","Sun",17,"Sun",40524.85356,TRUE
"Zone.3..Power.Consumption",2020-07-18 17:22:00,28.61,36.18,4.911,0.106,0.122,2020-07-18,"Jul","Sat",17,"Sat",40536.90377,TRUE
"Zone.3..Power.Consumption",2020-07-19 17:22:10,26.41,58.65,4.913,0.117,0.078,2020-07-19,"Jul","Sun",17,"Sun",40536.90377,TRUE
"Zone.3..Power.Consumption",2020-08-17 17:19:40,25.9,56.28,0.072,28.43,28.71,2020-08-17,"Aug","Mon",17,"Mon",40542.69592,TRUE
"Zone.3..Power.Consumption",2020-07-16 17:21:50,25.95,85.6,4.918,0.069,0.093,2020-07-16,"Jul","Thu",17,"Thu",40542.92887,TRUE
"Zone.3..Power.Consumption",2020-08-17 17:19:50,25.69,56.68,0.072,13.24,11.66,2020-08-17,"Aug","Mon",17,"Mon",40548.71473,TRUE
"Zone.3..Power.Consumption",2020-07-17 17:21:50,28.43,43.12,4.926,0.091,0.104,2020-07-17,"Jul","Fri",17,"Fri",40554.97908,TRUE
"Zone.3..Power.Consumption",2020-07-18 17:19:30,32.48,27.84,4.916,109.6,116.6,2020-07-18,"Jul","Sat",17,"Sat",40561.00418,TRUE
"Zone.3..Power.Consumption",2020-07-28 17:20:00,30.39,40.88,4.908,27.54,24.56,2020-07-28,"Jul","Tue",17,"Tue",40561.00418,TRUE
"Zone.3..Power.Consumption",2020-08-05 17:20:20,26.43,84.7,4.908,1.035,0.852,2020-08-05,"Aug","Wed",17,"Wed",40584.82759,TRUE
"Zone.3..Power.Consumption",2020-08-15 17:19:50,25.36,49.42,4.904,18,18.07,2020-08-15,"Aug","Sat",17,"Sat",40590.84639,TRUE
"Zone.3..Power.Consumption",2020-08-07 17:20:30,27.24,78.7,4.907,0.358,0.293,2020-08-07,"Aug","Fri",17,"Fri",40596.8652,TRUE
"Zone.3..Power.Consumption",2020-08-18 17:19:50,26.13,61.65,0.065,11.35,9.54,2020-08-18,"Aug","Tue",17,"Tue",40602.88401,TRUE
"Zone.3..Power.Consumption",2020-08-18 17:19:40,26.24,61.35,0.065,28.24,29.01,2020-08-18,"Aug","Tue",17,"Tue",40614.92163,TRUE
"Zone.3..Power.Consumption",2020-08-16 17:19:50,24.93,57.08,4.906,15.97,15.27,2020-08-16,"Aug","Sun",17,"Sun",40626.95925,TRUE
"Zone.3..Power.Consumption",2020-07-13 17:20:40,26,79.3,4.912,1.521,1.2,2020-07-13,"Jul","Mon",17,"Mon",40627.28033,TRUE
"Zone.3..Power.Consumption",2020-07-12 17:20:40,26.94,67.23,4.91,2.154,1.827,2020-07-12,"Jul","Sun",17,"Sun",40639.33054,TRUE
"Zone.3..Power.Consumption",2020-07-31 17:20:40,26.1,65.83,4.906,0.362,0.393,2020-07-31,"Jul","Fri",17,"Fri",40657.40586,TRUE
"Zone.3..Power.Consumption",2020-08-16 17:19:40,25.15,57.05,4.906,38.67,44.85,2020-08-16,"Aug","Sun",17,"Sun",40669.09091,TRUE
"Zone.3..Power.Consumption",2020-08-05 17:20:10,26.43,84.6,4.907,2.823,2.164,2020-08-05,"Aug","Wed",17,"Wed",40681.12853,TRUE
"Zone.3..Power.Consumption",2020-07-29 17:21:00,26.75,53.08,4.905,0.106,0.096,2020-07-29,"Jul","Wed",17,"Wed",40699.58159,TRUE
"Zone.3..Power.Consumption",2020-07-21 17:22:00,31.94,25.01,4.906,0.077,0.13,2020-07-21,"Jul","Tue",17,"Tue",40729.70711,TRUE
"Zone.3..Power.Consumption",2020-08-05 17:19:50,26.55,83.1,4.908,16.42,13.21,2020-08-05,"Aug","Wed",17,"Wed",40741.31661,TRUE
"Zone.3..Power.Consumption",2020-08-08 17:20:20,26.77,84.7,4.907,0.68,0.522,2020-08-08,"Aug","Sat",17,"Sat",40747.33542,TRUE
"Zone.3..Power.Consumption",2020-08-15 17:19:40,25.73,47.68,4.904,37.83,43.99,2020-08-15,"Aug","Sat",17,"Sat",40747.33542,TRUE
"Zone.3..Power.Consumption",2020-07-22 17:22:40,27.52,31.74,4.909,0.11,0.119,2020-07-22,"Jul","Wed",17,"Wed",40753.80753,TRUE
"Zone.3..Power.Consumption",2020-07-15 17:22:10,25.9,82.7,4.917,0.059,0.144,2020-07-15,"Jul","Wed",17,"Wed",40759.83264,TRUE
"Zone.3..Power.Consumption",2020-07-31 17:19:40,26.7,60.59,4.903,65.3,66.84,2020-07-31,"Jul","Fri",17,"Fri",40759.83264,TRUE
"Zone.3..Power.Consumption",2020-07-23 17:22:40,25.02,60.29,4.906,0.073,0.119,2020-07-23,"Jul","Thu",17,"Thu",40765.85774,TRUE
"Zone.3..Power.Consumption",2020-07-17 17:21:40,28.67,42.88,4.925,0.099,0.089,2020-07-17,"Jul","Fri",17,"Fri",40777.90795,TRUE
"Zone.3..Power.Consumption",2020-08-05 17:20:00,26.49,84,4.905,7.73,6.176,2020-08-05,"Aug","Wed",17,"Wed",40789.46708,TRUE
"Zone.3..Power.Consumption",2020-07-30 17:21:00,24.65,62.25,4.908,0.117,0.063,2020-07-30,"Jul","Thu",17,"Thu",40795.98326,TRUE
"Zone.3..Power.Consumption",2020-07-14 17:21:20,25.64,77.9,4.912,0.117,0.067,2020-07-14,"Jul","Tue",17,"Tue",40802.00837,TRUE
"Zone.3..Power.Consumption",2020-07-12 17:20:30,26.97,66.8,4.91,5.411,4.554,2020-07-12,"Jul","Sun",17,"Sun",40826.10879,TRUE
"Zone.3..Power.Consumption",2020-07-13 17:20:30,26.06,79.1,4.912,3.934,3.253,2020-07-13,"Jul","Mon",17,"Mon",40826.10879,TRUE
"Zone.3..Power.Consumption",2020-08-07 17:19:40,27.58,74.6,4.904,49.09,39.84,2020-08-07,"Aug","Fri",17,"Fri",40831.59875,TRUE
"Zone.3..Power.Consumption",2020-07-19 17:22:00,26.47,58.79,4.908,0.102,0.096,2020-07-19,"Jul","Sun",17,"Sun",40838.159,TRUE
"Zone.3..Power.Consumption",2020-07-28 17:20:20,29.54,41.61,4.907,7.14,6.076,2020-07-28,"Jul","Tue",17,"Tue",40892.38494,TRUE
"Zone.3..Power.Consumption",2020-07-27 17:22:50,26.02,77.9,4.907,0.069,0.107,2020-07-27,"Jul","Mon",17,"Mon",40922.51046,TRUE
"Zone.3..Power.Consumption",2020-08-08 17:19:40,27.22,83.1,4.902,17.87,14.76,2020-08-08,"Aug","Sat",17,"Sat",40927.89969,TRUE
"Zone.3..Power.Consumption",2020-07-18 17:21:50,28.81,32.31,4.919,0.099,0.074,2020-07-18,"Jul","Sat",17,"Sat",40934.56067,TRUE
"Zone.3..Power.Consumption",2020-07-24 17:23:10,25.28,41.58,4.907,0.102,0.126,2020-07-24,"Jul","Fri",17,"Fri",40952.63598,TRUE
"Zone.3..Power.Consumption",2020-08-08 17:20:10,26.87,84.6,4.904,2.372,1.833,2020-08-08,"Aug","Sat",17,"Sat",40964.01254,TRUE
"Zone.3..Power.Consumption",2020-07-31 17:20:30,26.19,64.99,4.905,1.993,1.652,2020-07-31,"Jul","Fri",17,"Fri",40976.7364,TRUE
"Zone.3..Power.Consumption",2020-07-14 17:21:10,25.64,77.7,4.913,0.073,0.133,2020-07-14,"Jul","Tue",17,"Tue",40982.76151,TRUE
"Zone.3..Power.Consumption",2020-07-26 17:22:40,29.2,43.61,4.91,0.102,0.096,2020-07-26,"Jul","Sun",17,"Sun",40982.76151,TRUE
"Zone.3..Power.Consumption",2020-07-25 17:22:50,23.56,71.7,4.912,0.084,0.119,2020-07-25,"Jul","Sat",17,"Sat",41000.83682,TRUE
"Zone.3..Power.Consumption",2020-07-16 17:21:40,26.03,85.4,4.916,0.084,0.144,2020-07-16,"Jul","Thu",17,"Thu",41006.86192,TRUE
"Zone.3..Power.Consumption",2020-07-20 17:21:50,27.66,55.25,0.07,0.106,0.078,2020-07-20,"Jul","Mon",17,"Mon",41006.86192,TRUE
"Zone.3..Power.Consumption",2020-07-28 17:20:10,29.92,40.95,4.91,14.44,12.2,2020-07-28,"Jul","Tue",17,"Tue",41012.88703,TRUE
"Zone.3..Power.Consumption",2020-08-07 17:20:20,27.24,78,4.904,1.436,1.159,2020-08-07,"Aug","Fri",17,"Fri",41018.18182,TRUE
"Zone.3..Power.Consumption",2020-07-12 17:20:20,27.04,66.23,4.909,11.78,10.1,2020-07-12,"Jul","Sun",17,"Sun",41018.91213,TRUE
"Zone.3..Power.Consumption",2020-07-21 17:21:50,32.26,24.34,4.912,0.095,0.126,2020-07-21,"Jul","Tue",17,"Tue",41049.03766,TRUE
"Zone.3..Power.Consumption",2020-07-13 17:20:20,26.23,77.7,4.913,10.23,8.61,2020-07-13,"Jul","Mon",17,"Mon",41055.06276,TRUE
"Zone.3..Power.Consumption",2020-07-12 17:20:00,27.47,65.7,4.908,41.6,40.84,2020-07-12,"Jul","Sun",17,"Sun",41079.16318,TRUE
"Zone.3..Power.Consumption",2020-07-15 17:22:00,25.91,82.6,4.913,0.048,0.156,2020-07-15,"Jul","Wed",17,"Wed",41097.23849,TRUE
"Zone.3..Power.Consumption",2020-07-22 17:22:30,28.16,31.11,4.908,0.124,0.093,2020-07-22,"Jul","Wed",17,"Wed",41109.2887,TRUE
"Zone.3..Power.Consumption",2020-07-29 17:20:50,27.02,51.68,4.909,0.117,0.13,2020-07-29,"Jul","Wed",17,"Wed",41109.2887,TRUE
"Zone.3..Power.Consumption",2020-07-17 17:21:30,29.03,41.85,4.921,0.146,0.067,2020-07-17,"Jul","Fri",17,"Fri",41133.38912,TRUE
"Zone.3..Power.Consumption",2020-07-14 17:19:50,26.22,75,4.914,20.4,16.95,2020-07-14,"Jul","Tue",17,"Tue",41139.41423,TRUE
"Zone.3..Power.Consumption",2020-07-13 17:20:00,26.54,76,4.907,37.16,32.99,2020-07-13,"Jul","Mon",17,"Mon",41151.46444,TRUE
"Zone.3..Power.Consumption",2020-07-14 17:21:00,25.65,77.3,4.913,0.11,0.122,2020-07-14,"Jul","Tue",17,"Tue",41157.48954,TRUE
"Zone.3..Power.Consumption",2020-07-16 17:21:30,26.02,85.3,4.917,0.048,0.104,2020-07-16,"Jul","Thu",17,"Thu",41187.61506,TRUE
"Zone.3..Power.Consumption",2020-08-07 17:19:50,27.57,75,4.903,40.49,32.28,2020-08-07,"Aug","Fri",17,"Fri",41198.74608,TRUE
"Zone.3..Power.Consumption",2020-07-12 17:20:10,27.1,66.23,4.91,23.61,21.71,2020-07-12,"Jul","Sun",17,"Sun",41235.8159,TRUE
"Zone.3..Power.Consumption",2020-07-18 17:21:40,28.88,32.55,4.92,0.095,0.122,2020-07-18,"Jul","Sat",17,"Sat",41247.86611,TRUE
"Zone.3..Power.Consumption",2020-07-27 17:19:20,28.28,61.09,4.908,132.4,119.4,2020-07-27,"Jul","Mon",17,"Mon",41253.89121,TRUE
"Zone.3..Power.Consumption",2020-07-13 17:20:10,26.39,76.8,4.91,21.67,18.52,2020-07-13,"Jul","Mon",17,"Mon",41290.04184,TRUE
"Zone.3..Power.Consumption",2020-07-16 17:19:40,26.9,79,4.916,104.1,92.2,2020-07-16,"Jul","Thu",17,"Thu",41302.09205,TRUE
"Zone.3..Power.Consumption",2020-08-08 17:20:00,26.98,84.2,4.906,7.46,6.256,2020-08-08,"Aug","Sat",17,"Sat",41307.08464,TRUE
"Zone.3..Power.Consumption",2020-07-14 17:20:50,25.66,77.2,4.913,0.234,0.207,2020-07-14,"Jul","Tue",17,"Tue",41314.14226,TRUE
"Zone.3..Power.Consumption",2020-07-19 17:21:50,26.83,58.42,4.914,0.106,0.137,2020-07-19,"Jul","Sun",17,"Sun",41314.14226,TRUE
"Zone.3..Power.Consumption",2020-07-16 17:21:20,25.97,85,4.918,0.069,0.126,2020-07-16,"Jul","Thu",17,"Thu",41332.21757,TRUE
"Zone.3..Power.Consumption",2020-08-07 17:20:10,27.38,77.4,4.902,11.08,9.05,2020-08-07,"Aug","Fri",17,"Fri",41355.23511,TRUE
"Zone.3..Power.Consumption",2020-07-15 17:21:50,25.98,82.2,4.919,0.059,0.178,2020-07-15,"Jul","Wed",17,"Wed",41356.31799,TRUE
"Zone.3..Power.Consumption",2020-07-20 17:21:40,27.47,56.49,0.074,0.113,0.104,2020-07-20,"Jul","Mon",17,"Mon",41356.31799,TRUE
"Zone.3..Power.Consumption",2020-07-17 17:19:40,32.46,38.25,4.933,86.3,91.2,2020-07-17,"Jul","Fri",17,"Fri",41374.39331,TRUE
"Zone.3..Power.Consumption",2020-07-18 17:21:30,28.93,32.61,4.917,0.084,0.174,2020-07-18,"Jul","Sat",17,"Sat",41404.51883,TRUE
"Zone.3..Power.Consumption",2020-08-07 17:20:00,27.51,76.2,4.904,27.13,21.51,2020-08-07,"Aug","Fri",17,"Fri",41409.40439,TRUE
"Zone.3..Power.Consumption",2020-07-20 17:21:30,27.59,56.45,0.072,0.088,0.107,2020-07-20,"Jul","Mon",17,"Mon",41410.54393,TRUE
"Zone.3..Power.Consumption",2020-08-08 17:19:50,27.11,83.7,4.903,11.26,9.51,2020-08-08,"Aug","Sat",17,"Sat",41415.4232,TRUE
"Zone.3..Power.Consumption",2020-07-17 17:21:20,29.42,40.39,4.924,0.099,0.089,2020-07-17,"Jul","Fri",17,"Fri",41422.59414,TRUE
"Zone.3..Power.Consumption",2020-07-31 17:19:50,26.53,61.66,4.903,46.49,46.98,2020-07-31,"Jul","Fri",17,"Fri",41452.71967,TRUE
"Zone.3..Power.Consumption",2020-07-23 17:22:30,25.25,59.22,4.906,0.084,0.13,2020-07-23,"Jul","Thu",17,"Thu",41464.76987,TRUE
"Zone.3..Power.Consumption",2020-07-29 17:20:40,27.3,50.25,4.909,0.344,0.385,2020-07-29,"Jul","Wed",17,"Wed",41500.9205,TRUE
"Zone.3..Power.Consumption",2020-07-21 17:21:40,32.52,23.74,4.912,0.099,0.104,2020-07-21,"Jul","Tue",17,"Tue",41518.99582,TRUE
"Zone.3..Power.Consumption",2020-07-17 17:21:10,29.8,38.32,4.925,0.091,0.122,2020-07-17,"Jul","Fri",17,"Fri",41555.14644,TRUE
"Zone.3..Power.Consumption",2020-07-24 17:23:00,25.51,39.05,4.906,0.088,0.111,2020-07-24,"Jul","Fri",17,"Fri",41585.27197,TRUE
"Zone.3..Power.Consumption",2020-07-30 17:20:50,24.79,61.85,4.91,0.11,0.141,2020-07-30,"Jul","Thu",17,"Thu",41585.27197,TRUE
"Zone.3..Power.Consumption",2020-07-15 17:19:40,26.75,75.4,4.914,52.98,44.78,2020-07-15,"Jul","Wed",17,"Wed",41597.32218,TRUE
"Zone.3..Power.Consumption",2020-07-31 17:20:20,26.33,64.76,4.905,6.578,5.658,2020-07-31,"Jul","Fri",17,"Fri",41615.39749,TRUE
"Zone.3..Power.Consumption",2020-07-20 17:21:20,27.76,55.99,0.065,0.124,0.044,2020-07-20,"Jul","Mon",17,"Mon",41627.4477,TRUE
"Zone.3..Power.Consumption",2020-07-16 17:21:10,26.07,84.7,4.918,0.08,0.152,2020-07-16,"Jul","Thu",17,"Thu",41645.52301,TRUE
"Zone.3..Power.Consumption",2020-07-18 17:21:20,29.12,32.71,4.917,0.11,0.085,2020-07-18,"Jul","Sat",17,"Sat",41645.52301,TRUE
"Zone.3..Power.Consumption",2020-07-15 17:21:40,25.93,82.1,4.917,0.055,0.133,2020-07-15,"Jul","Wed",17,"Wed",41669.62343,TRUE
"Zone.3..Power.Consumption",2020-07-14 17:20:40,25.67,77.1,4.915,1.126,0.919,2020-07-14,"Jul","Tue",17,"Tue",41675.64854,TRUE
"Zone.3..Power.Consumption",2020-07-26 17:22:30,29.58,42.31,4.907,0.106,0.104,2020-07-26,"Jul","Sun",17,"Sun",41681.67364,TRUE
"Zone.3..Power.Consumption",2020-07-17 17:21:00,30.13,37.48,4.922,0.106,0.089,2020-07-17,"Jul","Fri",17,"Fri",41687.69874,TRUE
"Zone.3..Power.Consumption",2020-07-25 17:22:40,23.57,71.5,4.907,0.08,0.13,2020-07-25,"Jul","Sat",17,"Sat",41723.84937,TRUE
"Zone.3..Power.Consumption",2020-07-21 17:19:40,35.76,16.77,4.908,80.2,79.9,2020-07-21,"Jul","Tue",17,"Tue",41735.89958,TRUE
"Zone.3..Power.Consumption",2020-07-27 17:22:40,26.19,76.9,4.907,0.113,0.07,2020-07-27,"Jul","Mon",17,"Mon",41735.89958,TRUE
"Zone.3..Power.Consumption",2020-07-21 17:21:30,32.71,23.27,4.912,0.11,0.082,2020-07-21,"Jul","Tue",17,"Tue",41747.94979,TRUE
"Zone.3..Power.Consumption",2020-07-29 17:19:50,29.11,42.75,4.907,53.81,58.99,2020-07-29,"Jul","Wed",17,"Wed",41766.0251,TRUE
"Zone.3..Power.Consumption",2020-07-16 17:21:00,26.13,84.3,4.914,0.121,0.148,2020-07-16,"Jul","Thu",17,"Thu",41784.10042,TRUE
"Zone.3..Power.Consumption",2020-07-29 17:20:30,27.52,48.62,4.908,2.051,1.652,2020-07-29,"Jul","Wed",17,"Wed",41784.10042,TRUE
"Zone.3..Power.Consumption",2020-07-31 17:20:10,26.43,64.06,4.905,13.3,11.57,2020-07-31,"Jul","Fri",17,"Fri",41814.22594,TRUE
"Zone.3..Power.Consumption",2020-07-31 17:20:00,26.51,62.69,4.904,27.82,27.38,2020-07-31,"Jul","Fri",17,"Fri",41820.25105,TRUE
"Zone.3..Power.Consumption",2020-07-17 17:20:50,30.49,37.45,4.922,0.3,0.226,2020-07-17,"Jul","Fri",17,"Fri",41844.35146,TRUE
"Zone.3..Power.Consumption",2020-07-30 17:19:40,26.03,56.35,4.911,73.1,79.3,2020-07-30,"Jul","Thu",17,"Thu",41850.37657,TRUE
"Zone.3..Power.Consumption",2020-07-22 17:22:20,28.69,29.71,4.911,0.084,0.141,2020-07-22,"Jul","Wed",17,"Wed",41892.5523,TRUE
"Zone.3..Power.Consumption",2020-07-21 17:21:20,32.86,23.41,4.915,0.102,0.1,2020-07-21,"Jul","Tue",17,"Tue",41904.60251,TRUE
"Zone.3..Power.Consumption",2020-07-18 17:21:10,29.42,32.28,4.919,0.117,0.096,2020-07-18,"Jul","Sat",17,"Sat",41934.72803,TRUE
"Zone.3..Power.Consumption",2020-07-23 17:22:20,25.29,59.15,4.907,0.077,0.119,2020-07-23,"Jul","Thu",17,"Thu",42007.02929,TRUE
"Zone.3..Power.Consumption",2020-07-26 17:22:20,29.79,41.18,4.908,0.08,0.148,2020-07-26,"Jul","Sun",17,"Sun",42025.1046,TRUE
"Zone.3..Power.Consumption",2020-07-29 17:20:20,27.76,48.28,4.906,6.34,5.413,2020-07-29,"Jul","Wed",17,"Wed",42037.15481,TRUE
"Zone.3..Power.Consumption",2020-07-24 17:22:50,25.77,37.21,4.91,0.128,0.096,2020-07-24,"Jul","Fri",17,"Fri",42055.23013,TRUE
"Zone.3..Power.Consumption",2020-07-29 17:20:10,28.11,46.75,4.907,13.03,11,2020-07-29,"Jul","Wed",17,"Wed",42055.23013,TRUE
"Zone.3..Power.Consumption",2020-07-29 17:20:00,28.55,45.52,4.905,34.05,35.73,2020-07-29,"Jul","Wed",17,"Wed",42073.30544,TRUE
"Zone.3..Power.Consumption",2020-07-20 17:19:40,31.43,39.51,0.07,78.9,70.8,2020-07-20,"Jul","Mon",17,"Mon",42079.33054,TRUE
"Zone.3..Power.Consumption",2020-07-14 17:20:30,25.73,76.6,4.915,2.691,2.123,2020-07-14,"Jul","Tue",17,"Tue",42085.35565,TRUE
"Zone.3..Power.Consumption",2020-07-30 17:20:40,24.88,61.49,4.91,0.468,0.308,2020-07-30,"Jul","Thu",17,"Thu",42115.48117,TRUE
"Zone.3..Power.Consumption",2020-07-20 17:21:10,28.25,54.35,0.067,0.121,0.078,2020-07-20,"Jul","Mon",17,"Mon",42127.53138,TRUE
"Zone.3..Power.Consumption",2020-07-16 17:20:50,26.22,84,4.916,0.234,0.274,2020-07-16,"Jul","Thu",17,"Thu",42169.70711,TRUE
"Zone.3..Power.Consumption",2020-07-19 17:21:40,27.42,57.72,4.914,0.099,0.089,2020-07-19,"Jul","Sun",17,"Sun",42187.78243,TRUE
"Zone.3..Power.Consumption",2020-07-18 17:21:00,29.72,31.74,4.917,0.132,0.107,2020-07-18,"Jul","Sat",17,"Sat",42193.80753,TRUE
"Zone.3..Power.Consumption",2020-07-21 17:21:10,33.04,23.34,4.913,0.11,0.119,2020-07-21,"Jul","Tue",17,"Tue",42193.80753,TRUE
"Zone.3..Power.Consumption",2020-07-14 17:20:00,26.1,75.3,4.912,12.1,10.07,2020-07-14,"Jul","Tue",17,"Tue",42211.88285,TRUE
"Zone.3..Power.Consumption",2020-07-17 17:20:40,30.91,35.15,4.924,1.74,1.478,2020-07-17,"Jul","Fri",17,"Fri",42223.93305,TRUE
"Zone.3..Power.Consumption",2020-07-16 17:20:40,26.32,83.4,4.916,2.567,2.075,2020-07-16,"Jul","Thu",17,"Thu",42290.20921,TRUE
"Zone.3..Power.Consumption",2020-07-14 17:20:10,25.99,75.7,4.911,7.92,6.688,2020-07-14,"Jul","Tue",17,"Tue",42308.28452,TRUE
"Zone.3..Power.Consumption",2020-07-14 17:20:20,25.86,76.4,4.913,4.998,4.005,2020-07-14,"Jul","Tue",17,"Tue",42320.33473,TRUE
"Zone.3..Power.Consumption",2020-07-22 17:22:10,28.95,29.61,4.908,0.099,0.152,2020-07-22,"Jul","Wed",17,"Wed",42416.7364,TRUE
"Zone.3..Power.Consumption",2020-07-15 17:21:30,25.94,81.8,4.916,0.073,0.111,2020-07-15,"Jul","Wed",17,"Wed",42422.76151,TRUE
"Zone.3..Power.Consumption",2020-07-25 17:22:30,23.89,70.7,4.909,0.084,0.111,2020-07-25,"Jul","Sat",17,"Sat",42446.86192,TRUE
"Zone.3..Power.Consumption",2020-07-30 17:20:30,25.03,60.92,4.909,2.369,1.89,2020-07-30,"Jul","Thu",17,"Thu",42458.91213,TRUE
"Zone.3..Power.Consumption",2020-07-22 17:19:30,28.73,68.16,4.909,98,99,2020-07-22,"Jul","Wed",17,"Wed",42489.03766,TRUE
"Zone.3..Power.Consumption",2020-07-16 17:20:30,26.4,82.8,4.916,9.17,7.39,2020-07-16,"Jul","Thu",17,"Thu",42501.08787,TRUE
"Zone.3..Power.Consumption",2020-07-19 17:21:30,27.61,56.65,4.914,0.106,0.063,2020-07-19,"Jul","Sun",17,"Sun",42507.11297,TRUE
"Zone.3..Power.Consumption",2020-07-17 17:20:30,31.13,33.31,4.926,5.203,4.413,2020-07-17,"Jul","Fri",17,"Fri",42519.16318,TRUE
"Zone.3..Power.Consumption",2020-07-24 17:22:40,25.94,36.65,4.911,0.091,0.111,2020-07-24,"Jul","Fri",17,"Fri",42567.36402,TRUE
"Zone.3..Power.Consumption",2020-07-18 17:19:40,32.15,27.71,4.919,86.8,92.3,2020-07-18,"Jul","Sat",17,"Sat",42579.41423,TRUE
"Zone.3..Power.Consumption",2020-07-27 17:22:30,26.64,73.8,4.906,0.095,0.1,2020-07-27,"Jul","Mon",17,"Mon",42585.43933,TRUE
"Zone.3..Power.Consumption",2020-07-20 17:21:00,28.82,51.22,0.069,0.102,0.13,2020-07-20,"Jul","Mon",17,"Mon",42591.46444,TRUE
"Zone.3..Power.Consumption",2020-07-18 17:20:50,30.05,31.11,4.918,0.413,0.282,2020-07-18,"Jul","Sat",17,"Sat",42615.56485,TRUE
"Zone.3..Power.Consumption",2020-07-21 17:21:00,33.26,22.51,4.912,0.095,0.141,2020-07-21,"Jul","Tue",17,"Tue",42615.56485,TRUE
"Zone.3..Power.Consumption",2020-07-30 17:19:50,25.93,56.72,4.907,32.78,31.49,2020-07-30,"Jul","Thu",17,"Thu",42627.61506,TRUE
"Zone.3..Power.Consumption",2020-07-17 17:20:20,31.5,34.38,4.925,11.06,9.41,2020-07-17,"Jul","Fri",17,"Fri",42639.66527,TRUE
"Zone.3..Power.Consumption",2020-07-15 17:21:20,26.01,81.1,4.918,0.066,0.159,2020-07-15,"Jul","Wed",17,"Wed",42651.71548,TRUE
"Zone.3..Power.Consumption",2020-07-17 17:19:50,32.73,29.88,4.929,64.67,68.03,2020-07-17,"Jul","Fri",17,"Fri",42657.74059,TRUE
"Zone.3..Power.Consumption",2020-07-16 17:19:50,26.73,79.7,4.917,81.6,67.21,2020-07-16,"Jul","Thu",17,"Thu",42663.76569,TRUE
"Zone.3..Power.Consumption",2020-07-23 17:19:30,28.96,37.88,4.906,111.2,125.2,2020-07-23,"Jul","Thu",17,"Thu",42675.8159,TRUE
"Zone.3..Power.Consumption",2020-07-19 17:21:20,27.83,55.19,4.915,0.102,0.119,2020-07-19,"Jul","Sun",17,"Sun",42711.96653,TRUE
"Zone.3..Power.Consumption",2020-07-16 17:20:00,26.74,80.3,4.914,62.51,51.09,2020-07-16,"Jul","Thu",17,"Thu",42730.04184,TRUE
"Zone.3..Power.Consumption",2020-07-16 17:20:10,26.58,81.5,4.915,38.52,31.96,2020-07-16,"Jul","Thu",17,"Thu",42748.11715,TRUE
"Zone.3..Power.Consumption",2020-07-30 17:20:20,25.18,60.52,4.908,6.172,5.165,2020-07-30,"Jul","Thu",17,"Thu",42748.11715,TRUE
"Zone.3..Power.Consumption",2020-07-16 17:20:20,26.48,82.3,4.915,21.16,16.95,2020-07-16,"Jul","Thu",17,"Thu",42760.16736,TRUE
"Zone.3..Power.Consumption",2020-07-20 17:19:50,31.41,38.98,0.064,74.7,64.23,2020-07-20,"Jul","Mon",17,"Mon",42760.16736,TRUE
"Zone.3..Power.Consumption",2020-07-22 17:22:00,29.23,30.14,4.906,0.095,0.152,2020-07-22,"Jul","Wed",17,"Wed",42760.16736,TRUE
"Zone.3..Power.Consumption",2020-07-26 17:22:10,29.97,40.85,4.907,0.095,0.089,2020-07-26,"Jul","Sun",17,"Sun",42796.31799,TRUE
"Zone.3..Power.Consumption",2020-07-25 17:22:20,24.24,69.86,4.909,0.08,0.13,2020-07-25,"Jul","Sat",17,"Sat",42802.3431,TRUE
"Zone.3..Power.Consumption",2020-07-18 17:20:40,30.29,30.54,4.919,1.879,1.575,2020-07-18,"Jul","Sat",17,"Sat",42880.66946,TRUE
"Zone.3..Power.Consumption",2020-07-27 17:22:20,26.78,68.62,4.909,0.073,0.096,2020-07-27,"Jul","Mon",17,"Mon",42880.66946,TRUE
"Zone.3..Power.Consumption",2020-07-23 17:22:10,25.38,59.42,4.905,0.088,0.104,2020-07-23,"Jul","Thu",17,"Thu",42892.71967,TRUE
"Zone.3..Power.Consumption",2020-07-17 17:20:10,32.04,32.68,4.925,24.42,23.06,2020-07-17,"Jul","Fri",17,"Fri",42898.74477,TRUE
"Zone.3..Power.Consumption",2020-07-20 17:20:50,29.54,47.65,0.068,0.256,0.204,2020-07-20,"Jul","Mon",17,"Mon",42940.9205,TRUE
"Zone.3..Power.Consumption",2020-07-21 17:20:50,33.33,23.04,4.911,0.267,0.233,2020-07-21,"Jul","Tue",17,"Tue",42940.9205,TRUE
"Zone.3..Power.Consumption",2020-07-19 17:19:40,30,45.18,4.91,72.6,71.9,2020-07-19,"Jul","Sun",17,"Sun",42965.02092,TRUE
"Zone.3..Power.Consumption",2020-07-19 17:21:10,27.89,53.75,4.914,0.117,0.082,2020-07-19,"Jul","Sun",17,"Sun",42989.12134,TRUE
"Zone.3..Power.Consumption",2020-07-30 17:20:10,25.29,59.12,4.907,11.27,9.36,2020-07-30,"Jul","Thu",17,"Thu",43007.19665,TRUE
"Zone.3..Power.Consumption",2020-07-17 17:20:00,32.46,30.61,4.927,43.9,45.21,2020-07-17,"Jul","Fri",17,"Fri",43013.22176,TRUE
"Zone.3..Power.Consumption",2020-07-22 17:21:50,29.04,36.81,4.912,0.069,0.152,2020-07-22,"Jul","Wed",17,"Wed",43013.22176,TRUE
"Zone.3..Power.Consumption",2020-07-21 17:19:50,35.5,17.61,4.907,59.62,58.83,2020-07-21,"Jul","Tue",17,"Tue",43031.29707,TRUE
"Zone.3..Power.Consumption",2020-07-24 17:22:30,26.28,36.58,4.91,0.102,0.074,2020-07-24,"Jul","Fri",17,"Fri",43043.34728,TRUE
"Zone.3..Power.Consumption",2020-07-30 17:20:00,25.59,58.12,4.907,27.55,27.86,2020-07-30,"Jul","Thu",17,"Thu",43043.34728,TRUE
"Zone.3..Power.Consumption",2020-07-15 17:21:10,26.07,80.7,4.915,0.073,0.141,2020-07-15,"Jul","Wed",17,"Wed",43049.37238,TRUE
"Zone.3..Power.Consumption",2020-07-21 17:20:40,33.57,23.14,4.908,1.367,1.171,2020-07-21,"Jul","Tue",17,"Tue",43109.62343,TRUE
"Zone.3..Power.Consumption",2020-07-15 17:19:50,26.65,76.3,4.914,35.12,29.05,2020-07-15,"Jul","Wed",17,"Wed",43163.84937,TRUE
"Zone.3..Power.Consumption",2020-07-20 17:20:40,30.24,44.18,0.069,1.177,1.06,2020-07-20,"Jul","Mon",17,"Mon",43181.92469,TRUE
"Zone.3..Power.Consumption",2020-07-18 17:19:50,31.83,28.41,4.92,67.06,71.2,2020-07-18,"Jul","Sat",17,"Sat",43193.9749,TRUE
"Zone.3..Power.Consumption",2020-07-21 17:20:30,33.81,22.54,4.911,4.728,4.087,2020-07-21,"Jul","Tue",17,"Tue",43236.15063,TRUE
"Zone.3..Power.Consumption",2020-07-26 17:22:00,30.11,40.75,4.906,0.11,0.085,2020-07-26,"Jul","Sun",17,"Sun",43284.35146,TRUE
"Zone.3..Power.Consumption",2020-07-21 17:20:10,34.71,20.14,4.909,23.2,20.67,2020-07-21,"Jul","Tue",17,"Tue",43290.37657,TRUE
"Zone.3..Power.Consumption",2020-07-21 17:20:00,35.08,19.04,4.911,40.62,39.09,2020-07-21,"Jul","Tue",17,"Tue",43314.47699,TRUE
"Zone.3..Power.Consumption",2020-07-27 17:22:10,26.94,66.59,4.907,0.095,0.078,2020-07-27,"Jul","Mon",17,"Mon",43314.47699,TRUE
"Zone.3..Power.Consumption",2020-07-19 17:21:00,28.25,52.58,4.91,0.113,0.148,2020-07-19,"Jul","Sun",17,"Sun",43332.5523,TRUE
"Zone.3..Power.Consumption",2020-07-15 17:21:00,26.14,80.3,4.912,0.069,0.178,2020-07-15,"Jul","Wed",17,"Wed",43344.60251,TRUE
"Zone.3..Power.Consumption",2020-07-21 17:20:20,34.17,21.67,4.91,11.14,9.6,2020-07-21,"Jul","Tue",17,"Tue",43374.72803,TRUE
"Zone.3..Power.Consumption",2020-07-23 17:22:00,25.28,60.09,4.905,0.088,0.1,2020-07-23,"Jul","Thu",17,"Thu",43386.77824,TRUE
"Zone.3..Power.Consumption",2020-07-20 17:20:00,31.3,39.08,0.066,61.99,51.68,2020-07-20,"Jul","Mon",17,"Mon",43398.82845,TRUE
"Zone.3..Power.Consumption",2020-07-20 17:20:30,30.59,40.81,0.069,7.04,5.936,2020-07-20,"Jul","Mon",17,"Mon",43398.82845,TRUE
"Zone.3..Power.Consumption",2020-07-18 17:20:30,30.53,29.85,4.917,5.949,5.091,2020-07-18,"Jul","Sat",17,"Sat",43404.85356,TRUE
"Zone.3..Power.Consumption",2020-07-24 17:22:20,26.66,34.25,4.91,0.095,0.078,2020-07-24,"Jul","Fri",17,"Fri",43453.05439,TRUE
"Zone.3..Power.Consumption",2020-07-15 17:20:50,26.16,79.9,4.915,0.135,0.196,2020-07-15,"Jul","Wed",17,"Wed",43537.40586,TRUE
"Zone.3..Power.Consumption",2020-07-22 17:21:40,26.77,64.62,4.909,0.077,0.141,2020-07-22,"Jul","Wed",17,"Wed",43537.40586,TRUE
"Zone.3..Power.Consumption",2020-07-26 17:19:30,35.93,23.21,4.909,99,101.7,2020-07-26,"Jul","Sun",17,"Sun",43543.43096,TRUE
"Zone.3..Power.Consumption",2020-07-19 17:20:50,28.67,51.15,4.91,0.282,0.293,2020-07-19,"Jul","Sun",17,"Sun",43579.58159,TRUE
"Zone.3..Power.Consumption",2020-07-23 17:21:50,25.22,60.42,4.908,0.11,0.126,2020-07-23,"Jul","Thu",17,"Thu",43585.60669,TRUE
"Zone.3..Power.Consumption",2020-07-25 17:22:10,24.33,69.76,4.91,0.099,0.082,2020-07-25,"Jul","Sat",17,"Sat",43585.60669,TRUE
"Zone.3..Power.Consumption",2020-07-25 17:19:30,27.96,51.92,4.907,97.2,103.4,2020-07-25,"Jul","Sat",17,"Sat",43591.6318,TRUE
"Zone.3..Power.Consumption",2020-07-20 17:20:20,30.77,41.38,0.07,18.03,14.82,2020-07-20,"Jul","Mon",17,"Mon",43645.85774,TRUE
"Zone.3..Power.Consumption",2020-07-20 17:20:10,31.19,40.01,0.071,36.27,29.72,2020-07-20,"Jul","Mon",17,"Mon",43663.93305,TRUE
"Zone.3..Power.Consumption",2020-07-18 17:20:20,30.93,29.14,4.916,12.06,10.33,2020-07-18,"Jul","Sat",17,"Sat",43736.23431,TRUE
"Zone.3..Power.Consumption",2020-07-27 17:22:00,26.83,64.65,4.902,0.091,0.156,2020-07-27,"Jul","Mon",17,"Mon",43736.23431,TRUE
"Zone.3..Power.Consumption",2020-07-24 17:22:10,26.79,33.74,4.906,0.084,0.107,2020-07-24,"Jul","Fri",17,"Fri",43808.53556,TRUE
"Zone.3..Power.Consumption",2020-07-22 17:21:30,26.79,75.3,4.908,0.084,0.159,2020-07-22,"Jul","Wed",17,"Wed",43814.56067,TRUE
"Zone.3..Power.Consumption",2020-07-19 17:19:50,29.8,46.65,4.909,52.11,50.25,2020-07-19,"Jul","Sun",17,"Sun",43838.66109,TRUE
"Zone.3..Power.Consumption",2020-07-18 17:20:10,31.25,29.08,4.914,26.98,25.78,2020-07-18,"Jul","Sat",17,"Sat",43874.81172,TRUE
"Zone.3..Power.Consumption",2020-07-26 17:21:50,30.22,40.48,4.909,0.124,0.096,2020-07-26,"Jul","Sun",17,"Sun",43886.86192,TRUE
"Zone.3..Power.Consumption",2020-07-18 17:20:00,31.5,29.14,4.919,47.73,50.22,2020-07-18,"Jul","Sat",17,"Sat",43935.06276,TRUE
"Zone.3..Power.Consumption",2020-07-15 17:20:40,26.21,79.4,4.912,0.347,0.337,2020-07-15,"Jul","Wed",17,"Wed",43965.18828,TRUE
"Zone.3..Power.Consumption",2020-07-15 17:20:10,26.43,77.8,4.913,8.78,7.36,2020-07-15,"Jul","Wed",17,"Wed",43971.21339,TRUE
"Zone.3..Power.Consumption",2020-07-19 17:20:40,28.83,49.72,4.91,1.32,1.126,2020-07-19,"Jul","Sun",17,"Sun",43971.21339,TRUE
"Zone.3..Power.Consumption",2020-07-15 17:20:20,26.41,78.4,4.912,2.987,2.427,2020-07-15,"Jul","Wed",17,"Wed",43977.23849,TRUE
"Zone.3..Power.Consumption",2020-07-15 17:20:00,26.54,77.1,4.911,19.17,15.47,2020-07-15,"Jul","Wed",17,"Wed",43989.2887,TRUE
"Zone.3..Power.Consumption",2020-07-23 17:21:40,25.39,60.12,4.908,0.062,0.148,2020-07-23,"Jul","Thu",17,"Thu",44025.43933,TRUE
"Zone.3..Power.Consumption",2020-07-15 17:20:30,26.3,78.9,4.915,1.188,1.015,2020-07-15,"Jul","Wed",17,"Wed",44055.56485,TRUE
"Zone.3..Power.Consumption",2020-07-22 17:21:20,27.49,75.2,4.909,0.088,0.115,2020-07-22,"Jul","Wed",17,"Wed",44055.56485,TRUE
"Zone.3..Power.Consumption",2020-07-24 17:22:00,26.88,33.94,4.907,0.088,0.115,2020-07-24,"Jul","Fri",17,"Fri",44121.841,TRUE
"Zone.3..Power.Consumption",2020-07-25 17:22:00,24.5,69.52,4.905,0.095,0.096,2020-07-25,"Jul","Sat",17,"Sat",44139.91632,TRUE
"Zone.3..Power.Consumption",2020-07-27 17:21:50,26.81,62.75,4.911,0.073,0.104,2020-07-27,"Jul","Mon",17,"Mon",44218.24268,TRUE
"Zone.3..Power.Consumption",2020-07-19 17:20:30,28.94,49.62,4.911,3.963,3.294,2020-07-19,"Jul","Sun",17,"Sun",44254.39331,TRUE
"Zone.3..Power.Consumption",2020-07-19 17:20:00,29.54,47.28,4.91,35.51,33.21,2020-07-19,"Jul","Sun",17,"Sun",44302.59414,TRUE
"Zone.3..Power.Consumption",2020-07-26 17:21:40,30.45,40.41,4.909,0.091,0.111,2020-07-26,"Jul","Sun",17,"Sun",44405.02092,TRUE
"Zone.3..Power.Consumption",2020-07-19 17:20:20,29,49.62,4.909,10.06,8.55,2020-07-19,"Jul","Sun",17,"Sun",44465.27197,TRUE
"Zone.3..Power.Consumption",2020-07-23 17:21:30,25.68,59.09,4.905,0.077,0.104,2020-07-23,"Jul","Thu",17,"Thu",44471.29707,TRUE
"Zone.3..Power.Consumption",2020-07-19 17:20:10,29.35,47.55,4.911,20.7,18.24,2020-07-19,"Jul","Sun",17,"Sun",44543.59833,TRUE
"Zone.3..Power.Consumption",2020-07-27 17:19:30,28.47,58.79,4.909,93.9,85.5,2020-07-27,"Jul","Mon",17,"Mon",44597.82427,TRUE
"Zone.3..Power.Consumption",2020-07-26 17:21:30,30.74,39.91,4.906,0.095,0.13,2020-07-26,"Jul","Sun",17,"Sun",44646.0251,TRUE
"Zone.3..Power.Consumption",2020-07-22 17:21:10,27.75,74.3,4.907,0.095,0.115,2020-07-22,"Jul","Wed",17,"Wed",44664.10042,TRUE
"Zone.3..Power.Consumption",2020-07-22 17:19:40,28.49,68.89,4.907,76.6,76.9,2020-07-22,"Jul","Wed",17,"Wed",44670.12552,TRUE
"Zone.3..Power.Consumption",2020-07-24 17:21:50,27.01,34.28,4.912,0.088,0.082,2020-07-24,"Jul","Fri",17,"Fri",44700.25105,TRUE
"Zone.3..Power.Consumption",2020-07-27 17:21:40,26.88,61.62,4.907,0.095,0.063,2020-07-27,"Jul","Mon",17,"Mon",44718.32636,TRUE
"Zone.3..Power.Consumption",2020-07-23 17:19:40,28.65,39.41,4.91,87.8,99.3,2020-07-23,"Jul","Thu",17,"Thu",44796.65272,TRUE
"Zone.3..Power.Consumption",2020-07-23 17:21:20,25.91,57.75,4.907,0.102,0.093,2020-07-23,"Jul","Thu",17,"Thu",44808.70293,TRUE
"Zone.3..Power.Consumption",2020-07-25 17:21:50,25,69.42,4.91,0.091,0.141,2020-07-25,"Jul","Sat",17,"Sat",44832.80335,TRUE
"Zone.3..Power.Consumption",2020-07-27 17:21:30,27.22,61.75,4.907,0.069,0.074,2020-07-27,"Jul","Mon",17,"Mon",44929.20502,TRUE
"Zone.3..Power.Consumption",2020-07-26 17:21:20,31,39.61,4.907,0.102,0.096,2020-07-26,"Jul","Sun",17,"Sun",45025.60669,TRUE
"Zone.3..Power.Consumption",2020-07-25 17:21:40,25.3,68.49,4.908,0.069,0.119,2020-07-25,"Jul","Sat",17,"Sat",45091.88285,TRUE
"Zone.3..Power.Consumption",2020-07-23 17:21:10,26.05,56.92,4.906,0.099,0.104,2020-07-23,"Jul","Thu",17,"Thu",45170.20921,TRUE
"Zone.3..Power.Consumption",2020-07-27 17:21:20,27.39,61.62,4.909,0.069,0.093,2020-07-27,"Jul","Mon",17,"Mon",45236.48536,TRUE
"Zone.3..Power.Consumption",2020-07-25 17:19:40,27.79,52.69,4.908,74.4,78.7,2020-07-25,"Jul","Sat",17,"Sat",45375.06276,TRUE
"Zone.3..Power.Consumption",2020-07-25 17:21:30,25.47,66.89,4.908,0.077,0.093,2020-07-25,"Jul","Sat",17,"Sat",45399.16318,TRUE
"Zone.3..Power.Consumption",2020-07-22 17:21:00,27.71,73.4,4.908,0.132,0.104,2020-07-22,"Jul","Wed",17,"Wed",45423.2636,TRUE
"Zone.3..Power.Consumption",2020-07-24 17:21:40,27.18,34.68,4.909,0.095,0.1,2020-07-24,"Jul","Fri",17,"Fri",45447.36402,TRUE
"Zone.3..Power.Consumption",2020-07-23 17:21:00,26.28,55.72,4.906,0.113,0.119,2020-07-23,"Jul","Thu",17,"Thu",45561.841,TRUE
"Zone.3..Power.Consumption",2020-07-22 17:19:50,28.63,68.96,4.907,56.87,56.62,2020-07-22,"Jul","Wed",17,"Wed",45579.91632,TRUE
"Zone.3..Power.Consumption",2020-07-25 17:21:20,25.68,65.56,4.907,0.08,0.107,2020-07-25,"Jul","Sat",17,"Sat",45646.19247,TRUE
"Zone.3..Power.Consumption",2020-07-22 17:20:50,27.84,72.6,4.91,0.26,0.241,2020-07-22,"Jul","Wed",17,"Wed",45754.64435,TRUE
"Zone.3..Power.Consumption",2020-07-22 17:20:30,28.22,70.9,4.91,4.921,4.239,2020-07-22,"Jul","Wed",17,"Wed",45814.8954,TRUE
"Zone.3..Power.Consumption",2020-07-25 17:21:10,25.97,63.69,4.91,0.088,0.111,2020-07-25,"Jul","Sat",17,"Sat",45838.99582,TRUE
"Zone.3..Power.Consumption",2020-07-27 17:21:10,27.45,62.39,4.907,0.077,0.085,2020-07-27,"Jul","Mon",17,"Mon",45845.02092,TRUE
"Zone.3..Power.Consumption",2020-07-24 17:19:40,29.79,35.68,4.908,81.2,90,2020-07-24,"Jul","Fri",17,"Fri",45857.07113,TRUE
"Zone.3..Power.Consumption",2020-07-26 17:21:10,31.46,38.51,4.908,0.102,0.122,2020-07-26,"Jul","Sun",17,"Sun",45875.14644,TRUE
"Zone.3..Power.Consumption",2020-07-23 17:20:50,26.62,54.12,4.908,0.223,0.226,2020-07-23,"Jul","Thu",17,"Thu",45905.27197,TRUE
"Zone.3..Power.Consumption",2020-07-24 17:21:20,27.69,33.38,4.91,0.091,0.1,2020-07-24,"Jul","Fri",17,"Fri",45917.32218,TRUE
"Zone.3..Power.Consumption",2020-07-24 17:21:30,27.5,34.48,4.911,0.088,0.119,2020-07-24,"Jul","Fri",17,"Fri",45941.42259,TRUE
"Zone.3..Power.Consumption",2020-07-26 17:21:00,31.94,35.71,4.907,0.099,0.119,2020-07-26,"Jul","Sun",17,"Sun",46055.89958,TRUE
"Zone.3..Power.Consumption",2020-07-25 17:21:00,26.07,62.86,4.909,0.08,0.141,2020-07-25,"Jul","Sat",17,"Sat",46067.94979,TRUE
"Zone.3..Power.Consumption",2020-07-22 17:20:00,28.63,69.42,4.907,41.64,40.8,2020-07-22,"Jul","Wed",17,"Wed",46073.9749,TRUE
"Zone.3..Power.Consumption",2020-07-22 17:20:40,28.19,71.4,4.908,1.338,1.167,2020-07-22,"Jul","Wed",17,"Wed",46116.15063,TRUE
"Zone.3..Power.Consumption",2020-07-23 17:20:40,27.02,51.85,4.91,1.005,0.863,2020-07-23,"Jul","Thu",17,"Thu",46158.32636,TRUE
"Zone.3..Power.Consumption",2020-07-26 17:19:40,35.42,23.84,4.907,76.7,78.6,2020-07-26,"Jul","Sun",17,"Sun",46164.35146,TRUE
"Zone.3..Power.Consumption",2020-07-27 17:21:00,27.51,62.39,4.904,0.117,0.093,2020-07-27,"Jul","Mon",17,"Mon",46266.77824,TRUE
"Zone.3..Power.Consumption",2020-07-27 17:19:40,28.54,57.65,4.906,72.5,63.66,2020-07-27,"Jul","Mon",17,"Mon",46321.00418,TRUE
"Zone.3..Power.Consumption",2020-07-27 17:20:50,27.67,61.49,4.91,0.124,0.141,2020-07-27,"Jul","Mon",17,"Mon",46327.02929,TRUE
"Zone.3..Power.Consumption",2020-07-23 17:19:50,28.42,40.31,4.906,65.17,74,2020-07-23,"Jul","Thu",17,"Thu",46339.0795,TRUE
"Zone.3..Power.Consumption",2020-07-24 17:21:10,27.72,33.38,4.909,0.073,0.133,2020-07-24,"Jul","Fri",17,"Fri",46357.15481,TRUE
"Zone.3..Power.Consumption",2020-07-26 17:20:50,32.31,33.31,4.91,0.176,0.152,2020-07-26,"Jul","Sun",17,"Sun",46417.40586,TRUE
"Zone.3..Power.Consumption",2020-07-25 17:19:50,27.57,54.12,4.906,53.66,56.3,2020-07-25,"Jul","Sat",17,"Sat",46447.53138,TRUE
"Zone.3..Power.Consumption",2020-07-22 17:20:20,28.33,70.1,4.908,11.68,9.96,2020-07-22,"Jul","Wed",17,"Wed",46477.6569,TRUE
"Zone.3..Power.Consumption",2020-07-23 17:20:30,27.43,49.32,4.908,3.247,2.734,2020-07-23,"Jul","Thu",17,"Thu",46495.73222,TRUE
"Zone.3..Power.Consumption",2020-07-25 17:20:50,26.3,61.62,4.911,0.201,0.133,2020-07-25,"Jul","Sat",17,"Sat",46519.83264,TRUE
"Zone.3..Power.Consumption",2020-07-24 17:21:00,27.92,33.31,4.906,0.106,0.093,2020-07-24,"Jul","Fri",17,"Fri",46604.1841,TRUE
"Zone.3..Power.Consumption",2020-07-22 17:20:10,28.49,69.72,4.907,23.91,21.13,2020-07-22,"Jul","Wed",17,"Wed",46748.78661,TRUE
"Zone.3..Power.Consumption",2020-07-25 17:20:40,26.61,59.72,4.909,0.888,0.737,2020-07-25,"Jul","Sat",17,"Sat",46790.96234,TRUE
"Zone.3..Power.Consumption",2020-07-26 17:20:40,32.64,31.81,4.906,0.819,0.741,2020-07-26,"Jul","Sun",17,"Sun",46796.98745,TRUE
"Zone.3..Power.Consumption",2020-07-24 17:20:50,28.18,32.94,4.91,0.219,0.185,2020-07-24,"Jul","Fri",17,"Fri",46803.01255,TRUE
"Zone.3..Power.Consumption",2020-07-24 17:19:50,29.63,34.85,4.909,60.85,67.64,2020-07-24,"Jul","Fri",17,"Fri",46833.13808,TRUE
"Zone.3..Power.Consumption",2020-07-27 17:20:40,27.69,61.25,4.906,0.537,0.474,2020-07-27,"Jul","Mon",17,"Mon",46869.2887,TRUE
"Zone.3..Power.Consumption",2020-07-24 17:20:40,28.44,32.68,4.91,1.016,0.867,2020-07-24,"Jul","Fri",17,"Fri",46887.36402,TRUE
"Zone.3..Power.Consumption",2020-07-25 17:20:00,27.39,54.26,4.907,30.26,34.8,2020-07-25,"Jul","Sat",17,"Sat",46941.58996,TRUE
"Zone.3..Power.Consumption",2020-07-25 17:20:30,26.66,58.06,4.908,3.21,2.764,2020-07-25,"Jul","Sat",17,"Sat",47050.04184,TRUE
"Zone.3..Power.Consumption",2020-07-26 17:20:30,33.15,31.01,4.907,3.4,2.794,2020-07-26,"Jul","Sun",17,"Sun",47074.14226,TRUE
"Zone.3..Power.Consumption",2020-07-23 17:20:20,27.73,46.68,4.908,7.16,6.099,2020-07-23,"Jul","Thu",17,"Thu",47146.44351,TRUE
"Zone.3..Power.Consumption",2020-07-27 17:20:00,28.27,60.22,4.906,42.18,34.52,2020-07-27,"Jul","Mon",17,"Mon",47152.46862,TRUE
"Zone.3..Power.Consumption",2020-07-25 17:20:10,27.26,55.99,4.906,15.59,13.53,2020-07-25,"Jul","Sat",17,"Sat",47170.54393,TRUE
"Zone.3..Power.Consumption",2020-07-27 17:19:50,28.33,57.79,4.907,59.73,50.61,2020-07-27,"Jul","Mon",17,"Mon",47176.56904,TRUE
"Zone.3..Power.Consumption",2020-07-24 17:20:30,28.66,32.64,4.911,3.649,2.997,2020-07-24,"Jul","Fri",17,"Fri",47218.74477,TRUE
"Zone.3..Power.Consumption",2020-07-27 17:20:30,27.76,61.55,4.906,2.954,2.393,2020-07-27,"Jul","Mon",17,"Mon",47218.74477,TRUE
"Zone.3..Power.Consumption",2020-07-25 17:20:20,26.98,57.99,4.909,7.51,6.451,2020-07-25,"Jul","Sat",17,"Sat",47254.8954,TRUE
"Zone.3..Power.Consumption",2020-07-23 17:20:00,28.26,40.91,4.906,43.53,49.03,2020-07-23,"Jul","Thu",17,"Thu",47266.94561,TRUE
"Zone.3..Power.Consumption",2020-07-23 17:20:10,28.02,43.18,4.906,16.52,14.98,2020-07-23,"Jul","Thu",17,"Thu",47278.99582,TRUE
"Zone.3..Power.Consumption",2020-07-26 17:19:50,34.87,27.78,4.906,55.92,56.84,2020-07-26,"Jul","Sun",17,"Sun",47291.04603,TRUE
"Zone.3..Power.Consumption",2020-07-24 17:20:20,28.84,32.78,4.91,7.81,6.736,2020-07-24,"Jul","Fri",17,"Fri",47405.52301,TRUE
"Zone.3..Power.Consumption",2020-07-24 17:20:00,29.39,33.38,4.909,42.39,46.89,2020-07-24,"Jul","Fri",17,"Fri",47429.62343,TRUE
"Zone.3..Power.Consumption",2020-07-27 17:20:20,27.74,61.55,4.907,11.01,9.14,2020-07-27,"Jul","Mon",17,"Mon",47435.64854,TRUE
"Zone.3..Power.Consumption",2020-07-26 17:20:20,33.58,29.78,4.907,8.3,7.15,2020-07-26,"Jul","Sun",17,"Sun",47441.67364,TRUE
"Zone.3..Power.Consumption",2020-07-26 17:20:10,33.94,29.51,4.906,17.01,14.3,2020-07-26,"Jul","Sun",17,"Sun",47507.94979,TRUE
"Zone.3..Power.Consumption",2020-07-26 17:20:00,34.3,28.74,4.904,36.32,36.06,2020-07-26,"Jul","Sun",17,"Sun",47580.25105,TRUE
"Zone.3..Power.Consumption",2020-07-24 17:20:10,29.13,33.01,4.909,16.84,15.38,2020-07-24,"Jul","Fri",17,"Fri",47598.32636,TRUE
"Zone.3..Power.Consumption",2020-07-27 17:20:10,27.93,61.19,4.905,24.64,19.9,2020-07-27,"Jul","Mon",17,"Mon",47598.32636,TRUE
